,date,code,open,high,low,close,preclose,volume,amount,adjustflag,turn,tradestatus,pctChg,isST
0,2019-01-02,sh.600385,20.2586142400,20.6789174400,19.8593262000,20.3847052000,20.2165839200,458985,4432376.0000,1,0.321477,1,0.831600,0
1,2019-01-03,sh.600385,20.3847052000,22.1709938000,20.0904929600,21.8137360800,20.3847052000,1358675,13685072.0000,1,0.951628,1,7.010313,0
2,2019-01-04,sh.600385,21.5825693200,21.9608422000,21.0571903200,21.6666299600,21.8137360800,1264579,12970392.0000,1,0.885722,1,-0.674371,0
3,2019-01-07,sh.600385,21.2463267600,21.8977967200,21.2463267600,21.8137360800,21.6666299600,962049,9892141.0000,1,0.673827,1,0.678949,0
4,2019-01-08,sh.600385,21.8137360800,21.8137360800,21.0571903200,21.2463267600,21.8137360800,621510,6333070.0000,1,0.435311,1,-2.601161,0
5,2019-01-09,sh.600385,21.2463267600,21.4774935200,21.1202358000,21.2463267600,21.2463267600,730404,7389424.0000,1,0.511581,1,0.000000,0
6,2019-01-10,sh.600385,21.0151600000,21.7506906000,21.0151600000,21.5405390000,21.2463267600,825572,8449138.0000,1,0.578238,1,1.384771,0
7,2019-01-11,sh.600385,21.2463267600,21.3303874000,21.0151600000,21.2673419200,21.5405390000,499800,5042977.0000,1,0.350064,1,-1.268294,0
8,2019-01-14,sh.600385,21.4354632000,21.7506906000,20.9731296800,21.2673419200,21.2673419200,601856,6111745.0000,1,0.421545,1,0.000000,0
9,2019-01-15,sh.600385,21.0782054800,21.3303874000,20.9941448400,21.2253116000,21.2673419200,581867,5851499.0000,1,0.407545,1,-0.197624,0
10,2019-01-16,sh.600385,21.0782054800,21.6035844800,21.0361751600,21.4144480400,21.2253116000,722300,7327634.0000,1,0.505905,1,0.891081,0
11,2019-01-17,sh.600385,21.6666299600,21.6666299600,21.1202358000,21.2042964400,21.4144480400,454300,4602627.0000,1,0.318196,1,-0.981349,0
12,2019-01-18,sh.600385,21.2253116000,21.3303874000,20.3847052000,20.7629780800,21.2042964400,903140,8974379.0000,1,0.632567,1,-2.081269,0
13,2019-01-21,sh.600385,20.8050084000,21.0992206400,20.4687658400,21.0992206400,20.7629780800,561386,5595425.0000,1,0.393200,1,1.619432,0
14,2019-01-22,sh.600385,21.4354632000,21.4354632000,20.8260235600,20.9100842000,21.0992206400,534052,5349615.0000,1,0.374055,1,-0.896416,0
15,2019-01-23,sh.600385,20.5948568000,21.4354632000,20.1535384400,21.3093722400,20.9100842000,654062,6533934.0000,1,0.458111,1,1.909553,0
16,2019-01-24,sh.600385,21.2253116000,21.2253116000,20.6999326000,20.6999326000,21.3093722400,542601,5387657.0000,1,0.380042,1,-2.859960,0
17,2019-01-25,sh.600385,21.1832812800,21.1832812800,20.2796294000,20.5318113200,20.6999326000,626200,6146176.0000,1,0.438596,1,-0.812182,0
18,2019-01-28,sh.600385,20.2375990800,20.8680538800,20.2375990800,20.3636900400,20.5318113200,519339,5087180.0000,1,0.363749,1,-0.818842,0
19,2019-01-29,sh.600385,20.6999326000,20.6999326000,19.1237956000,19.3969926800,20.3636900400,1020415,9534296.0000,1,0.714707,1,-4.747163,0
20,2019-01-30,sh.600385,19.1237956000,19.2709017200,17.6737495600,18.6614620800,19.3969926800,612131,5447779.0000,1,0.428742,1,-3.791977,0
21,2019-01-31,sh.600385,16.9172038000,18.6194317600,16.7911128400,17.0222796000,18.6614620800,1895065,15528855.0000,1,1.327320,1,-8.783781,0
22,2019-02-01,sh.600385,16.6229915600,17.6527344000,16.6229915600,17.1904008800,17.0222796000,853253,6993080.0000,1,0.597626,1,0.987653,0
23,2019-02-11,sh.600385,17.8208556800,18.2831892000,17.4215676400,18.0310072800,17.1904008800,744951,6325181.0000,1,0.521770,1,4.889971,0
24,2019-02-12,sh.600385,18.4092801600,19.8383110400,17.8839011600,19.1237956000,18.0310072800,1624145,14908372.0000,1,1.137565,1,6.060611,0
25,2019-02-13,sh.600385,20.2165839200,20.5107961600,19.3339472000,20.1325232800,19.1237956000,1724124,16497969.0000,1,1.207591,1,5.274720,0
26,2019-02-14,sh.600385,19.7332352400,20.1955687600,19.6701897600,19.8172958800,20.1325232800,995850,9420091.0000,1,0.697502,1,-1.565758,0
27,2019-02-15,sh.600385,20.1745536000,21.7717057600,19.8172958800,21.0361751600,19.8172958800,2267698,22642532.0000,1,1.588315,1,6.150582,0
28,2019-02-18,sh.600385,20.8050084000,22.4441908800,20.5948568000,21.6035844800,21.0361751600,2319519,23827716.0000,1,1.624611,1,2.697298,0
29,2019-02-19,sh.600385,21.4354632000,22.4231757200,21.1412509600,21.8137360800,21.6035844800,2512164,25916823.0000,1,1.759541,1,0.972766,0
30,2019-02-20,sh.600385,21.6876451200,22.1499786400,21.4354632000,21.4774935200,21.8137360800,1638090,16930636.0000,1,1.147332,1,-1.541424,0
31,2019-02-21,sh.600385,21.3303874000,22.0238876800,21.2042964400,21.4985086800,21.4774935200,1874503,19250846.0000,1,1.312918,1,0.097840,0
32,2019-02-22,sh.600385,21.1832812800,21.5405390000,20.6368871200,21.3093722400,21.4985086800,1728455,17433166.0000,1,1.210625,1,-0.879758,0
33,2019-02-25,sh.600385,21.3303874000,22.0449028400,21.3303874000,21.9398270400,21.3093722400,2784369,28744233.0000,1,1.950196,1,2.958572,0
34,2019-02-26,sh.600385,21.9188118800,21.9188118800,21.4354632000,21.4354632000,21.9398270400,2376278,24483690.0000,1,1.664365,1,-2.298849,0
35,2019-02-27,sh.600385,21.4144480400,21.8137360800,20.9731296800,21.2042964400,21.4354632000,2416900,24581012.0000,1,1.692817,1,-1.078428,0
36,2019-02-28,sh.600385,21.6456148000,21.6666299600,20.8050084000,20.8680538800,21.2042964400,2093300,21148269.0000,1,1.466165,1,-1.585727,0
37,2019-03-01,sh.600385,21.3093722400,21.6035844800,21.0151600000,21.4564783600,20.8680538800,1646500,16653336.0000,1,1.153223,1,2.819735,0
38,2019-03-04,sh.600385,21.5825693200,22.0449028400,21.0782054800,21.7717057600,21.4564783600,2610516,26903494.0000,1,1.828428,1,1.469144,0
39,2019-03-05,sh.600385,21.8977967200,21.8977967200,21.4354632000,21.7927209200,21.7717057600,1881550,19412643.0000,1,1.317854,1,0.096527,0
40,2019-03-06,sh.600385,21.9188118800,23.7681459600,21.6035844800,23.2427669600,21.7927209200,4735430,50918727.0000,1,3.316736,1,6.653814,0
41,2019-03-07,sh.600385,22.9065244000,24.0833733600,22.4862212000,23.4319034000,23.2427669600,4160200,46202919.0000,1,2.913840,1,0.813736,0
42,2019-03-08,sh.600385,22.8855092400,23.3058124400,21.0992206400,21.1832812800,23.4319034000,3060957,32419428.0000,1,2.143920,1,-9.596411,0
43,2019-03-11,sh.600385,21.2042964400,21.9608422000,21.2042964400,21.8557664000,21.1832812800,1707900,17636461.0000,1,1.196228,1,3.174600,0
44,2019-03-12,sh.600385,22.2340392800,23.5159640400,21.9818573600,22.7594182800,21.8557664000,2962796,32027840.0000,1,2.075168,1,4.134618,0
45,2019-03-13,sh.600385,23.0956608400,23.2637821200,22.3180999200,22.9275395600,22.7594182800,3241082,35326580.0000,1,2.270082,1,0.738688,0
46,2019-03-14,sh.600385,23.0326153600,23.0326153600,21.0571903200,21.3093722400,22.9275395600,2636377,27451639.0000,1,1.846541,1,-7.057741,0
47,2019-03-15,sh.600385,21.2253116000,21.9818573600,21.2253116000,21.8977967200,21.3093722400,1606530,16611745.0000,1,1.125227,1,2.761338,0
48,2019-03-18,sh.600385,22.1079483200,22.4862212000,21.6876451200,22.4441908800,21.8977967200,1545053,16271945.0000,1,1.082168,1,2.495204,0
49,2019-03-19,sh.600385,22.5912970000,22.8014486000,21.9608422000,22.2340392800,22.4441908800,1397531,14862418.0000,1,0.978843,1,-0.936333,0
50,2019-03-20,sh.600385,22.9065244000,23.3268276000,22.0659180000,22.5912970000,22.2340392800,3116385,33527072.0000,1,2.182743,1,1.606806,0
51,2019-03-21,sh.600385,22.9275395600,23.3898730800,22.5702818400,23.0116002000,22.5912970000,2954543,32415184.0000,1,2.069387,1,1.860463,0
52,2019-03-22,sh.600385,22.6963728000,23.9572824000,22.5912970000,23.4319034000,23.0116002000,3316038,37038011.0000,1,2.322581,1,1.826482,0
53,2019-03-25,sh.600385,23.4108882400,23.4108882400,22.5492666800,22.7804334400,23.4319034000,2517314,27521168.0000,1,1.763148,1,-2.780264,0
54,2019-03-26,sh.600385,22.6963728000,22.9905850400,21.4564783600,21.5615541600,22.7804334400,2457083,25999984.0000,1,1.720962,1,-5.350553,0
55,2019-03-27,sh.600385,21.5615541600,21.9818573600,21.2253116000,21.6035844800,21.5615541600,1259598,12919467.0000,1,0.882233,1,0.194927,0
56,2019-03-28,sh.600385,21.4985086800,21.6035844800,19.9644020000,20.6368871200,21.6035844800,2188800,21618497.0000,1,1.533054,1,-4.474709,0
57,2019-03-29,sh.600385,20.6158719600,20.8470387200,19.7122200800,20.4897810000,20.6368871200,2476677,23824029.0000,1,1.734686,1,-0.712828,0
58,2019-04-01,sh.600385,20.4267355200,22.5492666800,20.3006445600,22.5492666800,20.4897810000,4162154,42893120.0000,1,2.915208,1,10.051280,0
59,2019-04-02,sh.600385,21.6456148000,23.4319034000,21.6456148000,23.0326153600,22.5492666800,6776410,73013010.0000,1,4.746256,1,2.143528,0
60,2019-04-03,sh.600385,22.6123121600,22.8644940800,22.0869331600,22.5912970000,23.0326153600,3317122,35513751.0000,1,2.323341,1,-1.916059,0
61,2019-04-04,sh.600385,22.6333273200,22.8644940800,22.0659180000,22.2340392800,22.5912970000,3147083,33578009.0000,1,2.204244,1,-1.581396,0
62,2019-04-08,sh.600385,22.2130241200,22.4862212000,21.6035844800,21.7506906000,22.2340392800,2687010,28180977.0000,1,1.882005,1,-2.173909,0
63,2019-04-09,sh.600385,22.0028725200,23.0116002000,21.7086602800,22.9485547200,21.7506906000,3630526,38625052.0000,1,2.542851,1,5.507243,0
64,2019-04-10,sh.600385,22.9275395600,24.1254036800,22.3180999200,23.2427669600,22.9485547200,4998496,55173631.0000,1,3.500989,1,1.282054,0
65,2019-04-11,sh.600385,22.9065244000,23.0326153600,22.1079483200,22.2760696000,23.2427669600,3229502,34705828.0000,1,2.261971,1,-4.159132,0
66,2019-04-12,sh.600385,22.5492666800,22.8644940800,21.7296754400,22.6123121600,22.2760696000,2596699,27517900.0000,1,1.818750,1,1.509433,0
67,2019-04-15,sh.600385,22.6543424800,23.2637821200,22.1079483200,22.1079483200,22.6123121600,3507560,38027512.0000,1,2.456725,1,-2.230481,0
68,2019-04-16,sh.600385,21.8557664000,22.6963728000,21.4354632000,22.6543424800,22.1079483200,2449339,25785874.0000,1,1.715538,1,2.471476,0
69,2019-04-17,sh.600385,22.4652060400,22.4652060400,21.4985086800,21.8977967200,22.6543424800,4346516,45170469.0000,1,3.044337,1,-3.339514,0
70,2019-04-18,sh.600385,21.7717057600,22.0238876800,21.0782054800,21.1832812800,21.8977967200,3039718,31110252.0000,1,2.129044,1,-3.262957,0
71,2019-04-19,sh.600385,20.9731296800,21.2673419200,20.5948568000,21.2253116000,21.1832812800,2120376,21068755.0000,1,1.485129,1,0.198417,0
72,2019-04-22,sh.600385,21.2463267600,21.4774935200,20.8050084000,21.0361751600,21.2253116000,1693067,17056409.0000,1,1.185839,1,-0.891091,0
73,2019-04-23,sh.600385,20.8890690400,20.8890690400,20.0694778000,20.5948568000,21.0361751600,1976375,19190322.0000,1,1.384270,1,-2.097903,0
74,2019-04-24,sh.600385,20.3847052000,20.5528264800,19.9644020000,20.1535384400,20.5948568000,1699363,16337887.0000,1,1.190248,1,-2.142858,0
75,2019-04-25,sh.600385,20.1535384400,20.1535384400,20.1535384400,20.1535384400,20.1535384400,0,0.0000,1,,0,0.000000,0
76,2019-04-26,sh.600385,19.1448107600,19.1448107600,19.1448107600,19.1448107600,20.1535384400,378700,3449957.0000,1,0.265245,1,-5.005219,1
77,2019-04-29,sh.600385,18.1781134000,18.4723256400,18.1781134000,18.1781134000,19.1448107600,5264443,45546950.0000,1,3.687261,1,-5.049397,1
78,2019-04-30,sh.600385,17.7367950400,18.3462346800,17.7367950400,18.0099921200,18.1781134000,1847149,15944670.0000,1,1.293759,1,-0.924855,1
79,2019-05-06,sh.600385,17.5266434400,17.9259314800,17.1063402400,17.1063402400,18.0099921200,1545500,12707547.0000,1,1.082481,1,-5.017496,1
80,2019-05-07,sh.600385,17.2114160400,17.5266434400,16.8121280000,17.2324312000,17.1063402400,817687,6686603.0000,1,0.572715,1,0.737094,1
81,2019-05-08,sh.600385,16.8331431600,18.0940527600,16.8331431600,17.9679618000,17.2324312000,1318606,11071784.0000,1,0.923563,1,4.268298,1
82,2019-05-09,sh.600385,17.5266434400,17.9259314800,17.4635979600,17.4635979600,17.9679618000,458100,3844844.0000,1,0.320857,1,-2.807015,1
83,2019-05-10,sh.600385,17.6107040800,17.9469466400,17.2324312000,17.7578102000,17.4635979600,493608,4143233.0000,1,0.345727,1,1.684710,1
84,2019-05-13,sh.600385,17.5686737600,17.8208556800,17.4425828000,17.5896889200,17.7578102000,513114,4298933.0000,1,0.359389,1,-0.946745,1
85,2019-05-14,sh.600385,17.5476586000,17.8208556800,17.3585221600,17.4425828000,17.5896889200,432200,3607756.0000,1,0.302717,1,-0.836317,1
86,2019-05-15,sh.600385,17.4635979600,17.6527344000,17.3585221600,17.5056282800,17.4425828000,649601,5414429.0000,1,0.454986,1,0.361443,1
87,2019-05-16,sh.600385,17.5476586000,17.7578102000,17.2954766800,17.5896889200,17.5056282800,666009,5568158.0000,1,0.466478,1,0.480192,1
88,2019-05-17,sh.600385,17.6737495600,17.9679618000,17.0643099200,17.2324312000,17.5896889200,729300,6062824.0000,1,0.510808,1,-2.031064,1
89,2019-05-20,sh.600385,17.0222796000,17.2324312000,16.5809612400,16.8541583200,17.2324312000,579714,4649923.0000,1,0.406037,1,-2.195114,1
90,2019-05-21,sh.600385,16.8541583200,16.9592341200,16.7070522000,16.8331431600,16.8541583200,610801,4887451.0000,1,0.427810,1,-0.124691,1
91,2019-05-22,sh.600385,16.7911128400,16.8751734800,16.7280673600,16.7490825200,16.8331431600,509008,4065731.0000,1,0.356514,1,-0.499381,1
92,2019-05-23,sh.600385,16.8121280000,16.8121280000,16.2867490000,16.2867490000,16.7490825200,535451,4198941.0000,1,0.375034,1,-2.760349,1
93,2019-05-24,sh.600385,16.2867490000,16.5809612400,16.0976125600,16.2867490000,16.2867490000,419400,3254930.0000,1,0.293751,1,0.000000,1
94,2019-05-27,sh.600385,16.2657338400,16.5809612400,16.1816732000,16.5389309200,16.2867490000,330200,2586019.0000,1,0.231275,1,1.548386,1
95,2019-05-28,sh.600385,16.4969006000,16.8331431600,16.4969006000,16.7280673600,16.5389309200,456233,3629605.0000,1,0.319549,1,1.143585,1
96,2019-05-29,sh.600385,16.4128399600,16.8121280000,16.3918248000,16.6860370400,16.7280673600,340500,2699869.0000,1,0.238489,1,-0.251256,1
97,2019-05-30,sh.600385,16.4969006000,16.6229915600,16.4338551200,16.5599460800,16.6860370400,188246,1481278.0000,1,0.131849,1,-0.755667,1
98,2019-05-31,sh.600385,16.6650218800,17.0222796000,16.5809612400,16.7070522000,16.5599460800,463800,3696701.0000,1,0.324849,1,0.888321,1
99,2019-06-03,sh.600385,16.8961886400,16.9172038000,16.4548702800,16.4969006000,16.7070522000,330000,2609471.0000,1,0.231135,1,-1.257860,1
100,2019-06-04,sh.600385,16.4969006000,16.5389309200,16.3077641600,16.4128399600,16.4969006000,205800,1610258.0000,1,0.144144,1,-0.509554,1
101,2019-06-05,sh.600385,16.4338551200,16.4969006000,16.3077641600,16.4548702800,16.4128399600,257014,2009572.0000,1,0.180015,1,0.256082,1
102,2019-06-06,sh.600385,16.3077641600,16.4338551200,16.1186277200,16.2237035200,16.4548702800,206800,1599443.0000,1,0.144844,1,-1.404855,1
103,2019-06-10,sh.600385,16.1606580400,16.3918248000,16.1186277200,16.2447186800,16.2237035200,144200,1117970.0000,1,0.100999,1,0.129537,1
104,2019-06-11,sh.600385,16.1816732000,16.6860370400,16.1606580400,16.5179157600,16.2447186800,454500,3553326.0000,1,0.318336,1,1.681761,1
105,2019-06-12,sh.600385,16.4758854400,16.7700976800,16.4548702800,16.6019764000,16.5179157600,515197,4078015.0000,1,0.360848,1,0.508905,1
106,2019-06-13,sh.600385,16.6019764000,16.7490825200,16.3287793200,16.6860370400,16.6019764000,382943,3024426.0000,1,0.268217,1,0.506329,1
107,2019-06-14,sh.600385,16.6860370400,16.7700976800,16.3918248000,16.4548702800,16.6860370400,358300,2832828.0000,1,0.250956,1,-1.385392,1
108,2019-06-17,sh.600385,16.4128399600,16.5599460800,16.1606580400,16.4969006000,16.4548702800,267600,2092556.0000,1,0.187429,1,0.255428,1
109,2019-06-18,sh.600385,16.3287793200,16.6440067200,16.2447186800,16.3918248000,16.4969006000,288401,2262650.0000,1,0.201999,1,-0.636939,1
110,2019-06-19,sh.600385,16.4969006000,16.7280673600,16.4969006000,16.5179157600,16.3918248000,281212,2221456.0000,1,0.196963,1,0.769230,1
111,2019-06-20,sh.600385,16.6860370400,16.7070522000,16.4548702800,16.5179157600,16.5179157600,345200,2717808.0000,1,0.241781,1,0.000000,1
112,2019-06-21,sh.600385,17.1483705600,17.3375070000,16.9802492800,17.0012644400,16.5179157600,1038901,8475763.0000,1,0.727655,1,2.926209,1
113,2019-06-24,sh.600385,16.9802492800,16.9802492800,16.6019764000,16.7700976800,17.0012644400,521600,4166057.0000,1,0.365333,1,-1.359705,1
114,2019-06-25,sh.600385,16.7700976800,17.3795373200,16.6650218800,17.2324312000,16.7700976800,762700,6226558.0000,1,0.534202,1,2.756890,1
115,2019-06-26,sh.600385,17.0853250800,17.1483705600,16.8751734800,17.1273554000,17.2324312000,339100,2744344.0000,1,0.237509,1,-0.609758,1
116,2019-06-27,sh.600385,17.1273554000,17.2744615200,17.0432947600,17.1273554000,17.1273554000,719000,5871003.0000,1,0.503594,1,0.000000,1
117,2019-06-28,sh.600385,17.1273554000,17.2954766800,16.7070522000,16.8121280000,17.1273554000,971200,7858841.0000,1,0.680237,1,-1.840486,1
118,2019-07-01,sh.600385,17.0222796000,17.1063402400,16.8541583200,17.0432947600,16.8121280000,606473,4891780.0000,1,0.424779,1,1.374996,1
119,2019-07-02,sh.600385,16.8541583200,17.0853250800,16.7911128400,17.0222796000,17.0432947600,514600,4163213.0000,1,0.360430,1,-0.123296,1
120,2019-07-03,sh.600385,17.0853250800,17.1273554000,16.8331431600,16.8751734800,17.0222796000,362400,2923778.0000,1,0.253828,1,-0.864205,1
121,2019-07-04,sh.600385,16.7911128400,16.9172038000,16.7490825200,16.7911128400,16.8751734800,309900,2480896.0000,1,0.217057,1,-0.498132,1
122,2019-07-05,sh.600385,16.7911128400,16.9382189600,16.7070522000,16.8541583200,16.7911128400,139900,1121715.0000,1,0.097987,1,0.375478,1
123,2019-07-08,sh.600385,16.8541583200,16.8541583200,16.4128399600,16.4128399600,16.8541583200,393700,3118350.0000,1,0.275751,1,-2.618460,1
124,2019-07-09,sh.600385,16.4338551200,16.5809612400,16.1606580400,16.2657338400,16.4128399600,338200,2616650.0000,1,0.236878,1,-0.896289,1
125,2019-07-10,sh.600385,16.3918248000,16.3918248000,15.9294912800,16.0135519200,16.2657338400,412700,3167162.0000,1,0.289059,1,-1.550386,1
126,2019-07-11,sh.600385,16.0345670800,16.1816732000,15.9925367600,16.0976125600,16.0135519200,326856,2503141.0000,1,0.228933,1,0.524934,1
127,2019-07-12,sh.600385,16.0976125600,16.0976125600,15.7613700000,16.0345670800,16.0976125600,433501,3291445.0000,1,0.303628,1,-0.391641,1
128,2019-07-15,sh.600385,15.8874609600,16.2026883600,15.7823851600,16.1606580400,16.0345670800,203500,1553597.0000,1,0.142533,1,0.786369,1
129,2019-07-16,sh.600385,16.1606580400,16.2657338400,16.0135519200,16.1816732000,16.1606580400,186100,1428669.0000,1,0.130346,1,0.130036,1
130,2019-07-17,sh.600385,16.0135519200,16.2026883600,16.0135519200,16.0976125600,16.1816732000,162600,1248901.0000,1,0.113886,1,-0.519480,1
131,2019-07-18,sh.600385,15.9715216000,16.2237035200,15.9715216000,16.1186277200,16.0976125600,289396,2220377.0000,1,0.202695,1,0.130551,1
132,2019-07-19,sh.600385,16.0555822400,16.2447186800,16.0555822400,16.2237035200,16.1186277200,142732,1099817.0000,1,0.099971,1,0.651887,1
133,2019-07-22,sh.600385,15.9084761200,16.0345670800,15.7823851600,15.8034003200,16.2237035200,178300,1350441.0000,1,0.124883,1,-2.590671,1
134,2019-07-23,sh.600385,15.8244154800,16.0765974000,15.8244154800,16.0135519200,15.8034003200,126000,958596.0000,1,0.088251,1,1.329786,1
135,2019-07-24,sh.600385,15.8454306400,16.3497944800,15.8244154800,16.1606580400,16.0135519200,221434,1706248.0000,1,0.155094,1,0.918637,1
136,2019-07-25,sh.600385,16.2657338400,16.2657338400,15.9294912800,16.0345670800,16.1606580400,263090,2005535.0000,1,0.184270,1,-0.780233,1
137,2019-07-26,sh.600385,15.9715216000,16.1816732000,15.7823851600,16.0555822400,16.0345670800,326900,2480912.0000,1,0.229000,1,0.131100,1
138,2019-07-29,sh.600385,16.0345670800,16.0345670800,15.8244154800,15.9505064400,16.0555822400,135700,1031763.0000,1,0.095045,1,-0.654447,1
139,2019-07-30,sh.600385,15.9715216000,16.1816732000,15.9505064400,15.9925367600,15.9505064400,276300,2112791.0000,1,0.193500,1,0.263500,1
140,2019-07-31,sh.600385,15.9715216000,16.0976125600,15.9084761200,15.9505064400,15.9925367600,218700,1663336.0000,1,0.153200,1,-0.262800,1
141,2019-08-01,sh.600385,15.9294912800,15.9715216000,15.7613700000,15.7823851600,15.9505064400,217400,1638711.0000,1,0.152300,1,-1.054000,1
142,2019-08-02,sh.600385,15.6562942000,15.6983245200,15.2990364800,15.4671577600,15.7823851600,319300,2353698.0000,1,0.223600,1,-1.997300,1
143,2019-08-05,sh.600385,15.3830971200,15.6352790400,15.2990364800,15.4041122800,15.4671577600,332500,2441997.0000,1,0.232900,1,-0.407600,1
144,2019-08-06,sh.600385,15.2359910000,15.2359910000,14.6265513600,14.6475665200,15.4041122800,653294,4568874.0000,1,0.457600,1,-4.911300,1
145,2019-08-07,sh.600385,14.7526423200,14.8577181200,14.6685816800,14.6685816800,14.6475665200,168900,1185929.0000,1,0.118300,1,0.143500,1
146,2019-08-08,sh.600385,14.7106120000,14.8156878000,14.6685816800,14.7526423200,14.6685816800,134400,943005.0000,1,0.094100,1,0.573100,1
147,2019-08-09,sh.600385,14.5845210400,15.0888848800,14.5845210400,14.7526423200,14.7526423200,683750,4783563.0000,1,0.478900,1,0.000000,1
148,2019-08-12,sh.600385,14.6895968400,14.9417787600,14.6055362000,14.7526423200,14.7526423200,310700,2177349.0000,1,0.217600,1,0.000000,1
149,2019-08-13,sh.600385,14.7526423200,14.7526423200,14.5424907200,14.7526423200,14.7526423200,231150,1610641.0000,1,0.161900,1,0.000000,1
150,2019-08-14,sh.600385,14.8156878000,14.8787332800,14.6475665200,14.6475665200,14.7526423200,207600,1455712.0000,1,0.145400,1,-0.712300,1
151,2019-08-15,sh.600385,14.5004604000,14.6055362000,14.2062481600,14.4584300800,14.6475665200,268900,1841620.0000,1,0.188300,1,-1.291200,1
152,2019-08-16,sh.600385,14.3113239600,14.6055362000,14.3113239600,14.5004604000,14.4584300800,211900,1462308.0000,1,0.148400,1,0.290700,1
153,2019-08-19,sh.600385,14.5004604000,14.7736574800,14.4163997600,14.7106120000,14.5004604000,326800,2281727.0000,1,0.228900,1,1.449300,1
154,2019-08-20,sh.600385,14.7106120000,14.9417787600,14.7106120000,14.8156878000,14.7106120000,293700,2076785.0000,1,0.205700,1,0.714300,1
155,2019-08-21,sh.600385,15.0048242400,15.1099000400,14.7736574800,15.0048242400,14.8156878000,404849,2877222.0000,1,0.283600,1,1.276600,1
156,2019-08-22,sh.600385,14.9207636000,15.0258394000,14.8156878000,15.0048242400,15.0048242400,337249,2395781.0000,1,0.236200,1,0.000000,1
157,2019-08-23,sh.600385,15.0048242400,15.0678697200,14.8997484400,14.9838090800,15.0048242400,208900,1491110.0000,1,0.146300,1,-0.140100,1
158,2019-08-26,sh.600385,14.8997484400,14.8997484400,14.5424907200,14.7946726400,14.9838090800,78100,549349.0000,1,0.054700,1,-1.262300,1
159,2019-08-27,sh.600385,14.7946726400,15.0468545600,14.7946726400,14.9838090800,14.7946726400,289601,2060242.0000,1,0.202800,1,1.278400,1
160,2019-08-28,sh.600385,15.0468545600,15.0888848800,14.7736574800,15.0048242400,14.9838090800,220500,1569515.0000,1,0.154400,1,0.140200,1
161,2019-08-29,sh.600385,14.9207636000,15.0678697200,14.8156878000,14.9838090800,15.0048242400,217800,1550628.0000,1,0.152500,1,-0.140100,1
162,2019-08-30,sh.600385,14.9838090800,15.4041122800,14.9838090800,15.0888848800,14.9838090800,451750,3254502.0000,1,0.316400,1,0.701300,1
163,2019-09-02,sh.600385,15.1309152000,15.2990364800,15.0678697200,15.2990364800,15.0888848800,174600,1263950.0000,1,0.122300,1,1.392800,1
164,2019-09-03,sh.600385,15.1939606800,15.4461426000,15.1519303600,15.4041122800,15.2990364800,429850,3130993.0000,1,0.301100,1,0.686800,1
165,2019-09-04,sh.600385,15.2990364800,15.5091880800,15.1729455200,15.4671577600,15.4041122800,515101,3765646.0000,1,0.360800,1,0.409300,1
166,2019-09-05,sh.600385,15.7193396800,16.1816732000,15.3620819600,15.8874609600,15.4671577600,707685,5332147.0000,1,0.495700,1,2.717400,1
167,2019-09-06,sh.600385,15.8874609600,16.1396428800,15.8034003200,16.1186277200,15.8874609600,268767,2043815.0000,1,0.188200,1,1.455000,1
168,2019-09-09,sh.600385,15.8874609600,16.8961886400,15.8874609600,16.7700976800,16.1186277200,655568,5168793.0000,1,0.459200,1,4.041700,1
169,2019-09-10,sh.600385,16.8121280000,16.8121280000,16.2237035200,16.4758854400,16.7700976800,454185,3563505.0000,1,0.318100,1,-1.754400,1
170,2019-09-11,sh.600385,16.3918248000,16.8961886400,16.3708096400,16.6650218800,16.4758854400,394900,3130243.0000,1,0.276600,1,1.148000,1
171,2019-09-12,sh.600385,16.6019764000,16.8331431600,16.5389309200,16.8331431600,16.6650218800,348101,2763032.0000,1,0.243800,1,1.008800,1
172,2019-09-16,sh.600385,16.6229915600,16.8961886400,16.5809612400,16.6440067200,16.8331431600,349700,2786108.0000,1,0.244900,1,-1.123600,1
173,2019-09-17,sh.600385,16.6440067200,16.6440067200,15.9505064400,16.0555822400,16.6440067200,486548,3775807.0000,1,0.340800,1,-3.535400,1
174,2019-09-18,sh.600385,16.1186277200,16.2026883600,15.8664458000,16.1186277200,16.0555822400,336400,2565143.0000,1,0.235600,1,0.392700,1
175,2019-09-19,sh.600385,16.1186277200,16.3497944800,16.0135519200,16.3287793200,16.1186277200,293300,2257605.0000,1,0.205400,1,1.303800,1
176,2019-09-20,sh.600385,16.4969006000,16.4969006000,16.2026883600,16.3918248000,16.3287793200,271100,2110339.0000,1,0.189900,1,0.386100,1
177,2019-09-23,sh.600385,16.3918248000,16.4548702800,15.8244154800,16.1606580400,16.3918248000,225900,1729398.0000,1,0.158200,1,-1.410300,1
178,2019-09-24,sh.600385,16.1606580400,16.1606580400,15.9715216000,16.0765974000,16.1606580400,215800,1647268.0000,1,0.151100,1,-0.520200,1
179,2019-09-25,sh.600385,16.0765974000,16.0765974000,15.8244154800,15.9505064400,16.0765974000,218846,1657694.0000,1,0.153300,1,-0.784300,1
180,2019-09-26,sh.600385,15.8034003200,16.0135519200,15.3830971200,15.5302032400,15.9505064400,331151,2470082.0000,1,0.231900,1,-2.635000,1
181,2019-09-27,sh.600385,15.6142638800,15.7823851600,15.5512184000,15.7193396800,15.5302032400,124028,922918.0000,1,0.086900,1,1.217900,1
182,2019-09-30,sh.600385,16.1606580400,16.4969006000,15.8034003200,16.1606580400,15.7193396800,829903,6398190.0000,1,0.581300,1,2.807500,1
183,2019-10-08,sh.600385,16.0765974000,16.0765974000,15.3620819600,15.3620819600,16.1606580400,1106833,8174612.0000,1,0.775200,1,-4.941500,1
184,2019-10-09,sh.600385,15.1099000400,15.1519303600,14.8787332800,15.0678697200,15.3620819600,532100,3793689.0000,1,0.372700,1,-1.915200,1
185,2019-10-10,sh.600385,14.9417787600,15.4251274400,14.9417787600,15.3410668000,15.0678697200,329096,2380123.0000,1,0.230500,1,1.813100,1
186,2019-10-11,sh.600385,15.2780213200,15.3410668000,15.1099000400,15.2359910000,15.3410668000,180400,1303155.0000,1,0.126400,1,-0.684900,1
187,2019-10-14,sh.600385,15.1309152000,15.6352790400,15.1309152000,15.3620819600,15.2359910000,460000,3374611.0000,1,0.322200,1,0.827600,1
188,2019-10-15,sh.600385,15.4671577600,15.4671577600,15.1099000400,15.2780213200,15.3620819600,344400,2491422.0000,1,0.241200,1,-0.547200,1
189,2019-10-16,sh.600385,15.2990364800,15.3200516400,14.9627939200,14.9627939200,15.2780213200,510800,3679904.0000,1,0.357800,1,-2.063300,1
190,2019-10-17,sh.600385,14.9627939200,15.0678697200,14.8156878000,14.9207636000,14.9627939200,342845,2434569.0000,1,0.240100,1,-0.280900,1
191,2019-10-18,sh.600385,15.0678697200,15.0678697200,14.8577181200,14.9207636000,14.9207636000,412800,2939755.0000,1,0.289100,1,0.000000,1
192,2019-10-21,sh.600385,15.0258394000,15.2149758400,14.8787332800,15.1729455200,14.9207636000,337131,2410870.0000,1,0.236100,1,1.690100,1
193,2019-10-22,sh.600385,15.0678697200,15.3200516400,15.0258394000,15.2990364800,15.1729455200,416500,3012446.0000,1,0.291700,1,0.831000,1
194,2019-10-23,sh.600385,15.2990364800,15.2990364800,15.1099000400,15.1309152000,15.2990364800,264000,1904559.0000,1,0.184900,1,-1.098900,1
195,2019-10-24,sh.600385,15.0888848800,15.2780213200,15.0258394000,15.2780213200,15.1309152000,199400,1435360.0000,1,0.139700,1,0.972200,1
196,2019-10-25,sh.600385,15.2780213200,15.2780213200,15.0888848800,15.2570061600,15.2780213200,246000,1775467.0000,1,0.172300,1,-0.137500,1
197,2019-10-28,sh.600385,15.2570061600,15.2990364800,15.1729455200,15.2359910000,15.2570061600,289640,2097925.0000,1,0.202900,1,-0.137700,1
198,2019-10-29,sh.600385,15.1729455200,15.2780213200,15.1309152000,15.1519303600,15.2359910000,205663,1488849.0000,1,0.144000,1,-0.551700,1
199,2019-10-30,sh.600385,15.0258394000,15.1099000400,14.8367029600,14.8787332800,15.1519303600,249200,1775436.0000,1,0.174500,1,-1.803100,1
200,2019-10-31,sh.600385,14.9207636000,15.0678697200,14.8577181200,14.9838090800,14.8787332800,358836,2559423.0000,1,0.251300,1,0.706200,1
201,2019-11-01,sh.600385,14.9838090800,15.1099000400,14.8367029600,15.0258394000,14.9838090800,191148,1363954.0000,1,0.133900,1,0.280500,1
202,2019-11-04,sh.600385,14.8997484400,15.2149758400,14.8997484400,15.0888848800,15.0258394000,229200,1645678.0000,1,0.160500,1,0.419600,1
203,2019-11-05,sh.600385,15.0888848800,15.2149758400,14.9417787600,15.2149758400,15.0888848800,192400,1384352.0000,1,0.134800,1,0.835700,1
204,2019-11-06,sh.600385,15.1729455200,15.1729455200,14.7106120000,15.0258394000,15.2149758400,58800,421519.0000,1,0.041200,1,-1.243100,1
205,2019-11-07,sh.600385,15.0258394000,15.1519303600,14.8577181200,15.1309152000,15.0258394000,209900,1499414.0000,1,0.147000,1,0.699300,1
206,2019-11-08,sh.600385,15.0888848800,15.2990364800,15.0468545600,15.1519303600,15.1309152000,178000,1284477.0000,1,0.124700,1,0.138900,1
207,2019-11-11,sh.600385,15.5932487200,15.9084761200,15.5722335600,15.6352790400,15.1519303600,2488486,18777533.0000,1,1.743000,1,3.190000,1
208,2019-11-12,sh.600385,15.3410668000,15.3410668000,14.8997484400,14.9417787600,15.6352790400,1182773,8476922.0000,1,0.828400,1,-4.435500,1
209,2019-11-13,sh.600385,15.0258394000,15.2149758400,14.9207636000,15.1309152000,14.9417787600,399773,2863641.0000,1,0.280000,1,1.265800,1
210,2019-11-14,sh.600385,15.0258394000,15.3410668000,14.9838090800,15.2359910000,15.1309152000,445821,3214802.0000,1,0.312300,1,0.694400,1
211,2019-11-15,sh.600385,15.2359910000,15.7823851600,15.1309152000,15.6562942000,15.2359910000,711226,5235660.0000,1,0.498100,1,2.758600,1
212,2019-11-18,sh.600385,15.7613700000,15.9925367600,15.4671577600,15.5091880800,15.6562942000,432400,3242902.0000,1,0.302900,1,-0.939600,1
213,2019-11-19,sh.600385,15.6142638800,15.9084761200,15.4461426000,15.6773093600,15.5091880800,351701,2617242.0000,1,0.246300,1,1.084000,1
214,2019-11-20,sh.600385,15.5932487200,15.8454306400,15.5932487200,15.8034003200,15.6773093600,205073,1536637.0000,1,0.143600,1,0.804300,1
215,2019-11-21,sh.600385,15.7823851600,15.9715216000,15.5932487200,15.6352790400,15.8034003200,304700,2276613.0000,1,0.213400,1,-1.063800,1
216,2019-11-22,sh.600385,15.5512184000,15.6773093600,15.3830971200,15.3830971200,15.6352790400,317400,2341282.0000,1,0.222300,1,-1.612900,1
217,2019-11-25,sh.600385,15.3830971200,16.1186277200,15.3410668000,15.7403548400,15.3830971200,484200,3607578.0000,1,0.339100,1,2.322400,1
218,2019-11-26,sh.600385,15.7613700000,15.9715216000,15.6352790400,15.7193396800,15.7403548400,243500,1830717.0000,1,0.170500,1,-0.133500,1
219,2019-11-27,sh.600385,15.6983245200,16.3708096400,15.6142638800,16.1186277200,15.7193396800,675617,5130608.0000,1,0.473200,1,2.540100,1
220,2019-11-28,sh.600385,15.9715216000,16.1396428800,15.5302032400,15.5722335600,16.1186277200,462100,3452830.0000,1,0.323700,1,-3.389800,1
221,2019-11-29,sh.600385,15.6142638800,15.6142638800,15.3620819600,15.4881729200,15.5722335600,224300,1645847.0000,1,0.157100,1,-0.539800,1
222,2019-12-02,sh.600385,15.4881729200,15.5932487200,15.0468545600,15.2149758400,15.4881729200,357100,2601983.0000,1,0.250100,1,-1.763900,1
223,2019-12-03,sh.600385,15.1939606800,15.4461426000,15.1309152000,15.4251274400,15.2149758400,235200,1713501.0000,1,0.164700,1,1.381200,1
224,2019-12-04,sh.600385,15.4251274400,15.8664458000,15.4041122800,15.7403548400,15.4251274400,347547,2593343.0000,1,0.243400,1,2.043600,1
225,2019-12-05,sh.600385,15.9294912800,15.9294912800,15.4461426000,15.7613700000,15.7403548400,505200,3752582.0000,1,0.353800,1,0.133500,1
226,2019-12-06,sh.600385,16.4758854400,16.4758854400,15.7613700000,16.0135519200,15.7613700000,1189117,9086923.0000,1,0.832900,1,1.600000,1
227,2019-12-09,sh.600385,15.9294912800,16.5179157600,15.9294912800,16.4548702800,16.0135519200,710826,5512066.0000,1,0.497900,1,2.755900,1
228,2019-12-10,sh.600385,16.3918248000,16.5179157600,16.1606580400,16.4548702800,16.4548702800,471314,3669953.0000,1,0.330100,1,0.000000,1
229,2019-12-11,sh.600385,16.6019764000,16.7070522000,16.1816732000,16.3497944800,16.4548702800,596023,4647683.0000,1,0.417500,1,-0.638600,1
230,2019-12-12,sh.600385,16.0765974000,17.0853250800,16.0765974000,16.9802492800,16.3497944800,1018455,8112624.0000,1,0.713300,1,3.856000,1
231,2019-12-13,sh.600385,17.0853250800,17.0853250800,16.4128399600,16.5599460800,16.9802492800,1047577,8259647.0000,1,0.733700,1,-2.475200,1
232,2019-12-16,sh.600385,16.5809612400,16.6019764000,16.2447186800,16.4758854400,16.5599460800,601600,4699388.0000,1,0.421400,1,-0.507600,1
233,2019-12-17,sh.600385,16.3077641600,16.5389309200,16.2026883600,16.2867490000,16.4758854400,886458,6867198.0000,1,0.620900,1,-1.148000,1
234,2019-12-18,sh.600385,16.3497944800,16.3497944800,16.1816732000,16.2867490000,16.2867490000,448400,3473160.0000,1,0.314100,1,0.000000,1
235,2019-12-19,sh.600385,16.4548702800,17.0643099200,16.3918248000,16.4758854400,16.2867490000,710364,5590308.0000,1,0.497500,1,1.161300,1
236,2019-12-20,sh.600385,16.4969006000,16.5389309200,16.3077641600,16.4548702800,16.4758854400,498023,3891860.0000,1,0.348800,1,-0.127600,1
237,2019-12-23,sh.600385,16.3918248000,16.5389309200,16.1396428800,16.1396428800,16.4548702800,487885,3784487.0000,1,0.341700,1,-1.915700,1
238,2019-12-24,sh.600385,16.1816732000,16.7070522000,16.1816732000,16.5809612400,16.1396428800,743592,5807553.0000,1,0.520800,1,2.734400,1
239,2019-12-25,sh.600385,16.6019764000,16.7280673600,16.3077641600,16.4548702800,16.5809612400,565800,4459654.0000,1,0.396300,1,-0.760500,1
240,2019-12-26,sh.600385,16.3287793200,16.6860370400,16.3287793200,16.6650218800,16.4548702800,381500,3012253.0000,1,0.267200,1,1.277100,1
241,2019-12-27,sh.600385,16.5389309200,16.8331431600,16.5389309200,16.7490825200,16.6650218800,763600,6084952.0000,1,0.534800,1,0.504400,1
242,2019-12-30,sh.600385,16.6229915600,16.7700976800,16.4758854400,16.5389309200,16.7490825200,531659,4196256.0000,1,0.372400,1,-1.254700,1
243,2019-12-31,sh.600385,16.5389309200,16.8751734800,16.3497944800,16.4338551200,16.5389309200,462600,3637220.0000,1,0.324000,1,-0.635300,1
244,2020-01-02,sh.600385,16.4548702800,16.7280673600,16.4548702800,16.7070522000,16.4338551200,462000,3647743.0000,1,0.323600,1,1.662400,1
245,2020-01-03,sh.600385,16.7070522000,16.7070522000,16.4969006000,16.6860370400,16.7070522000,422700,3335960.0000,1,0.296100,1,-0.125800,1
246,2020-01-06,sh.600385,16.6860370400,16.7490825200,16.5599460800,16.7280673600,16.6860370400,757706,5999304.0000,1,0.530700,1,0.251900,1
247,2020-01-07,sh.600385,16.6860370400,16.8331431600,16.5599460800,16.7700976800,16.7280673600,616806,4894147.0000,1,0.432000,1,0.251300,1
248,2020-01-08,sh.600385,16.7280673600,16.8541583200,16.5809612400,16.7490825200,16.7700976800,515713,4105122.0000,1,0.361200,1,-0.125300,1
249,2020-01-09,sh.600385,16.7070522000,17.4425828000,16.6229915600,17.1063402400,16.7490825200,1045180,8497977.0000,1,0.732100,1,2.133000,1
250,2020-01-10,sh.600385,17.1273554000,17.2114160400,16.9382189600,17.0643099200,17.1063402400,353606,2872117.0000,1,0.247700,1,-0.245700,1
251,2020-01-13,sh.600385,17.0643099200,17.0643099200,16.7280673600,16.7911128400,17.0643099200,397956,3189346.0000,1,0.278700,1,-1.601000,1
252,2020-01-14,sh.600385,16.9172038000,17.0643099200,16.7700976800,16.7700976800,16.7911128400,412262,3316862.0000,1,0.288800,1,-0.125200,1
253,2020-01-15,sh.600385,16.7700976800,16.9592341200,16.7280673600,16.9592341200,16.7700976800,488658,3916188.0000,1,0.342300,1,1.127800,1
254,2020-01-16,sh.600385,17.7157798800,17.7157798800,16.8121280000,17.0432947600,16.9592341200,612200,5054781.0000,1,0.428800,1,0.495700,1
255,2020-01-17,sh.600385,17.0012644400,17.1063402400,16.7700976800,16.8121280000,17.0432947600,305800,2466686.0000,1,0.214200,1,-1.356300,1
256,2020-01-20,sh.600385,16.7280673600,16.8751734800,16.0765974000,16.6440067200,16.8121280000,405068,3184413.0000,1,0.283700,1,-1.000000,1
257,2020-01-21,sh.600385,16.5179157600,16.9382189600,16.5179157600,16.9382189600,16.6440067200,294130,2335645.0000,1,0.206000,1,1.767700,1
258,2020-01-22,sh.600385,17.0222796000,17.6737495600,16.8121280000,17.0012644400,16.9382189600,1228500,9961929.0000,1,0.860500,1,0.372200,1
259,2020-01-23,sh.600385,16.8121280000,16.8121280000,16.1606580400,16.1606580400,17.0012644400,859300,6676493.0000,1,0.601900,1,-4.944400,1
260,2020-02-03,sh.600385,15.3620819600,15.3620819600,15.3620819600,15.3620819600,16.1606580400,30700,224417.0000,1,0.021500,1,-4.941500,1
261,2020-02-04,sh.600385,14.5845210400,14.9207636000,14.5845210400,14.9207636000,15.3620819600,1350523,9410587.0000,1,0.945900,1,-2.872800,1
262,2020-02-05,sh.600385,14.8156878000,15.1519303600,14.6265513600,15.1519303600,14.9207636000,680970,4846517.0000,1,0.477000,1,1.549300,1
263,2020-02-06,sh.600385,15.1519303600,15.6352790400,14.9207636000,15.2359910000,15.1519303600,713091,5161985.0000,1,0.499500,1,0.554800,1
264,2020-02-07,sh.600385,15.1729455200,15.2570061600,15.0468545600,15.2149758400,15.2359910000,365915,2634425.0000,1,0.256300,1,-0.137900,1
265,2020-02-10,sh.600385,15.1309152000,15.6773093600,15.0258394000,15.5302032400,15.2149758400,710838,5152333.0000,1,0.497900,1,2.071800,1
266,2020-02-11,sh.600385,15.5091880800,15.5302032400,15.2570061600,15.3830971200,15.5302032400,327138,2395093.0000,1,0.229100,1,-0.947200,1
267,2020-02-12,sh.600385,15.5302032400,15.6562942000,15.3410668000,15.5091880800,15.3830971200,300520,2211593.0000,1,0.210500,1,0.819700,1
268,2020-02-13,sh.600385,15.4671577600,15.5512184000,15.2359910000,15.4881729200,15.5091880800,550142,4020479.0000,1,0.385300,1,-0.135500,1
269,2020-02-14,sh.600385,15.3830971200,15.5091880800,15.1939606800,15.4881729200,15.4881729200,718244,5264197.0000,1,0.503100,1,0.000000,1
270,2020-02-17,sh.600385,15.4881729200,15.6562942000,15.3410668000,15.5932487200,15.4881729200,976324,7216059.0000,1,0.683800,1,0.678400,1
271,2020-02-18,sh.600385,15.4461426000,15.8034003200,15.4461426000,15.7403548400,15.5932487200,602520,4482579.0000,1,0.422000,1,0.943400,1
272,2020-02-19,sh.600385,15.6773093600,15.7403548400,15.5091880800,15.5512184000,15.7403548400,789400,5856010.0000,1,0.552900,1,-1.201600,1
273,2020-02-20,sh.600385,15.5512184000,15.6352790400,15.4461426000,15.5932487200,15.5512184000,991271,7332905.0000,1,0.694300,1,0.270300,1
274,2020-02-21,sh.600385,15.5932487200,15.9715216000,15.5091880800,15.7403548400,15.5932487200,1207108,9044670.0000,1,0.845500,1,0.943400,1
275,2020-02-24,sh.600385,15.6983245200,15.8664458000,15.5932487200,15.7403548400,15.7403548400,1039171,7763046.0000,1,0.727800,1,0.000000,1
276,2020-02-25,sh.600385,15.4041122800,15.7403548400,15.4041122800,15.6352790400,15.7403548400,674800,4988720.0000,1,0.472600,1,-0.667600,1
277,2020-02-26,sh.600385,15.4461426000,15.9084761200,15.4461426000,15.6773093600,15.6352790400,530879,3964134.0000,1,0.371800,1,0.268800,1
278,2020-02-27,sh.600385,15.5932487200,15.9084761200,15.5932487200,15.8034003200,15.6773093600,448300,3358498.0000,1,0.314000,1,0.804300,1
279,2020-02-28,sh.600385,15.5091880800,15.7613700000,15.2359910000,15.2570061600,15.8034003200,784481,5779284.0000,1,0.549500,1,-3.457400,1
280,2020-03-02,sh.600385,15.5512184000,15.7613700000,15.2990364800,15.6142638800,15.2570061600,565816,4166293.0000,1,0.396300,1,2.341600,1
281,2020-03-03,sh.600385,15.6352790400,15.8244154800,15.5512184000,15.6773093600,15.6142638800,601813,4493255.0000,1,0.421500,1,0.403800,1
282,2020-03-04,sh.600385,15.6562942000,16.3918248000,15.5512184000,16.2026883600,15.6773093600,1342171,10259880.0000,1,0.940100,1,3.351200,1
283,2020-03-05,sh.600385,16.1816732000,16.5179157600,16.0555822400,16.3287793200,16.2026883600,786897,6108070.0000,1,0.551100,1,0.778200,1
284,2020-03-06,sh.600385,16.3708096400,16.7490825200,16.2447186800,16.5809612400,16.3287793200,585000,4599083.0000,1,0.409700,1,1.544400,1
285,2020-03-09,sh.600385,16.4128399600,16.6440067200,16.2026883600,16.2237035200,16.5809612400,426526,3328612.0000,1,0.298700,1,-2.154600,1
286,2020-03-10,sh.600385,15.9084761200,16.3918248000,15.7823851600,16.3497944800,16.2237035200,613522,4685374.0000,1,0.429700,1,0.777200,1
287,2020-03-11,sh.600385,16.2867490000,16.6860370400,16.2867490000,16.5389309200,16.3497944800,476061,3740235.0000,1,0.333400,1,1.156800,1
288,2020-03-12,sh.600385,16.3708096400,16.4969006000,16.2237035200,16.3287793200,16.5389309200,382700,2973331.0000,1,0.268000,1,-1.270600,1
289,2020-03-13,sh.600385,15.5091880800,16.2657338400,15.5091880800,16.1816732000,16.3287793200,334201,2529398.0000,1,0.234100,1,-0.900900,1
290,2020-03-16,sh.600385,16.3918248000,16.4969006000,15.8874609600,15.9925367600,16.1816732000,458200,3527181.0000,1,0.320900,1,-1.168800,1
291,2020-03-17,sh.600385,16.0135519200,16.3708096400,15.6142638800,16.0135519200,15.9925367600,398244,3022607.0000,1,0.278900,1,0.131400,1
292,2020-03-18,sh.600385,16.2237035200,16.3708096400,15.8034003200,15.8454306400,16.0135519200,500244,3847687.0000,1,0.350400,1,-1.049900,1
293,2020-03-19,sh.600385,15.6352790400,16.3077641600,15.5302032400,15.8454306400,15.8454306400,461300,3437417.0000,1,0.323100,1,0.000000,1
294,2020-03-20,sh.600385,15.8664458000,16.1396428800,15.7403548400,16.0555822400,15.8454306400,269510,2038373.0000,1,0.188800,1,1.326300,1
295,2020-03-23,sh.600385,15.9715216000,15.9715216000,15.5512184000,15.7613700000,16.0555822400,508701,3791007.0000,1,0.356300,1,-1.832500,1
296,2020-03-24,sh.600385,15.7613700000,15.9715216000,15.5722335600,15.8664458000,15.7613700000,473900,3573086.0000,1,0.331900,1,0.666700,1
297,2020-03-25,sh.600385,16.0765974000,16.0765974000,15.8244154800,15.9294912800,15.8664458000,395900,2998471.0000,1,0.277300,1,0.397300,1
298,2020-03-26,sh.600385,15.9505064400,15.9505064400,15.5932487200,15.6142638800,15.9294912800,613123,4595000.0000,1,0.429400,1,-1.978900,1
299,2020-03-27,sh.600385,15.7193396800,15.7613700000,15.5091880800,15.5722335600,15.6142638800,506177,3761123.0000,1,0.354500,1,-0.269200,1
300,2020-03-30,sh.600385,15.4671577600,15.4671577600,14.7946726400,14.9207636000,15.5722335600,1045311,7449117.0000,1,0.732100,1,-4.183500,1
301,2020-03-31,sh.600385,15.0468545600,15.3410668000,14.8787332800,15.1309152000,14.9207636000,246801,1761709.0000,1,0.172900,1,1.408400,1
302,2020-04-01,sh.600385,15.2780213200,15.4461426000,15.0468545600,15.2149758400,15.1309152000,241200,1745568.0000,1,0.168900,1,0.555600,1
303,2020-04-02,sh.600385,15.2780213200,15.2990364800,15.0678697200,15.2149758400,15.2149758400,756101,5477407.0000,1,0.529600,1,0.000000,1
304,2020-04-03,sh.600385,15.2780213200,15.3410668000,15.1519303600,15.2990364800,15.2149758400,451800,3275161.0000,1,0.316400,1,0.552500,1
305,2020-04-07,sh.600385,15.5091880800,15.5932487200,15.2570061600,15.4041122800,15.2990364800,1084400,7923338.0000,1,0.759500,1,0.686800,1
306,2020-04-08,sh.600385,15.2780213200,15.4041122800,15.1939606800,15.2780213200,15.4041122800,586944,4269693.0000,1,0.411100,1,-0.818600,1
307,2020-04-09,sh.600385,15.3200516400,15.4041122800,15.1519303600,15.3410668000,15.2780213200,485900,3541385.0000,1,0.340300,1,0.412700,1
308,2020-04-10,sh.600385,15.3830971200,15.3830971200,15.1309152000,15.2149758400,15.3410668000,332200,2407710.0000,1,0.232700,1,-0.821900,1
309,2020-04-13,sh.600385,15.2149758400,15.2149758400,14.8997484400,14.9207636000,15.2149758400,387844,2782667.0000,1,0.271600,1,-1.933700,1
310,2020-04-14,sh.600385,15.0258394000,15.6352790400,14.9207636000,15.2990364800,14.9207636000,964800,7041833.0000,1,0.675800,1,2.535200,1
311,2020-04-15,sh.600385,15.2990364800,15.6142638800,14.9838090800,14.9838090800,15.2990364800,673800,4835976.0000,1,0.471900,1,-2.060400,1
312,2020-04-16,sh.600385,14.8997484400,15.2359910000,14.8367029600,15.0258394000,14.9838090800,703302,5023342.0000,1,0.492600,1,0.280500,1
313,2020-04-17,sh.600385,15.0258394000,15.1519303600,14.9417787600,15.0258394000,15.0258394000,621600,4444133.0000,1,0.435400,1,0.000000,1
314,2020-04-20,sh.600385,15.1309152000,15.2359910000,15.0468545600,15.1939606800,15.0258394000,988976,7118279.0000,1,0.692700,1,1.118900,1
315,2020-04-21,sh.600385,15.1729455200,15.2149758400,14.9417787600,15.0888848800,15.1939606800,1313700,9432384.0000,1,0.920100,1,-0.691600,1
316,2020-04-22,sh.600385,15.0048242400,15.2359910000,14.6265513600,15.0468545600,15.0888848800,1532793,10895770.0000,1,1.073600,1,-0.278600,1
317,2020-04-23,sh.600385,15.0258394000,15.6352790400,15.0258394000,15.2149758400,15.0468545600,3013906,21937876.0000,1,2.111000,1,1.117300,1
318,2020-04-24,sh.600385,15.2149758400,15.2990364800,14.8156878000,14.9838090800,15.2149758400,1602600,11451844.0000,1,1.122500,1,-1.519300,1
319,2020-04-27,sh.600385,14.9207636000,14.9838090800,14.7316271600,14.7736574800,14.9838090800,809625,5721454.0000,1,0.567100,1,-1.402500,1
320,2020-04-28,sh.600385,14.7736574800,14.7736574800,14.0381268800,14.0801572000,14.7736574800,1821500,12268067.0000,1,1.275800,1,-4.694200,1
321,2020-04-29,sh.600385,14.0801572000,14.0801572000,14.0801572000,14.0801572000,14.0801572000,0,0.0000,1,,0,0.000000,1
322,2020-04-30,sh.600385,14.1011723600,14.2692936400,13.9960965600,14.1221875200,14.0801572000,1244584,8347985.0000,1,0.871700,1,0.298500,1
323,2020-05-06,sh.600385,13.9960965600,14.0381268800,13.6598540000,13.9960965600,14.1221875200,763276,5078125.0000,1,0.534600,1,-0.892900,1
324,2020-05-07,sh.600385,13.9960965600,14.1011723600,13.7859449600,13.8069601200,13.9960965600,798748,5298916.0000,1,0.559400,1,-1.351300,1
325,2020-05-08,sh.600385,13.8069601200,13.8069601200,13.5127478800,13.5757933600,13.8069601200,1240701,8083135.0000,1,0.869000,1,-1.674300,1
326,2020-05-11,sh.600385,13.5757933600,13.6178236800,13.1344750000,13.1975204800,13.5757933600,1437725,9083792.0000,1,1.007000,1,-2.786400,1
327,2020-05-12,sh.600385,13.1344750000,13.1975204800,12.8822930800,12.9663537200,13.1975204800,726125,4488172.0000,1,0.508600,1,-1.751600,1
328,2020-05-13,sh.600385,12.9453385600,13.1134598400,12.9243234000,12.9873688800,12.9663537200,679600,4204983.0000,1,0.476000,1,0.162100,1
329,2020-05-14,sh.600385,12.9873688800,12.9873688800,12.6301111600,12.6511263200,12.9873688800,918582,5574883.0000,1,0.643400,1,-2.589000,1
330,2020-05-15,sh.600385,12.7141718000,12.7141718000,12.0206715200,12.2938686000,12.6511263200,1032600,6113006.0000,1,0.723200,1,-2.823900,1
331,2020-05-18,sh.600385,12.1677776400,12.5040202000,12.0627018400,12.3148837600,12.2938686000,746532,4322490.0000,1,0.522900,1,0.170900,1
332,2020-05-19,sh.600385,12.3779292400,12.6301111600,12.2308231200,12.5880808400,12.3148837600,521900,3075283.0000,1,0.365500,1,2.218400,1
333,2020-05-20,sh.600385,12.4619898800,12.7772172800,12.4619898800,12.6090960000,12.5880808400,875943,5257379.0000,1,0.613500,1,0.166900,1
334,2020-05-21,sh.600385,12.6931566400,12.6931566400,12.3569140800,12.4830050400,12.6090960000,668713,3966946.0000,1,0.468400,1,-1.000000,1
335,2020-05-22,sh.600385,12.4199595600,12.4199595600,11.8525502400,11.9786412000,12.4830050400,1020748,5876208.0000,1,0.714900,1,-4.040400,1
336,2020-05-25,sh.600385,11.9786412000,12.1887928000,11.9366108800,12.0416866800,11.9786412000,480131,2756785.0000,1,0.336300,1,0.526300,1
337,2020-05-26,sh.600385,12.0416866800,12.1257473200,11.9366108800,12.1257473200,12.0416866800,811939,4651404.0000,1,0.568700,1,0.698100,1
338,2020-05-27,sh.600385,12.2098079600,12.2098079600,12.0416866800,12.0837170000,12.1257473200,729386,4203944.0000,1,0.510900,1,-0.346600,1
339,2020-05-28,sh.600385,12.0837170000,12.1887928000,11.9786412000,12.0837170000,12.0837170000,787700,4523509.0000,1,0.551700,1,0.000000,1
340,2020-05-29,sh.600385,12.1677776400,12.6931566400,12.1257473200,12.6931566400,12.0837170000,3071276,18382428.0000,1,2.151100,1,5.043500,1
341,2020-06-01,sh.600385,12.7772172800,12.7772172800,12.4199595600,12.6931566400,12.6931566400,1907101,11432779.0000,1,1.335700,1,0.000000,1
342,2020-06-02,sh.600385,12.5880808400,12.6931566400,12.5040202000,12.6511263200,12.6931566400,1269800,7624427.0000,1,0.889400,1,-0.331100,1
343,2020-06-03,sh.600385,12.7141718000,13.1765053200,12.6931566400,12.7351869600,12.6511263200,1438765,8789241.0000,1,1.007700,1,0.664500,1
344,2020-06-04,sh.600385,12.6931566400,13.0924446800,12.6931566400,12.9453385600,12.7351869600,1962222,12075537.0000,1,1.374400,1,1.650200,1
345,2020-06-05,sh.600385,12.9453385600,13.0293992000,12.8612779200,13.0293992000,12.9453385600,1077601,6639166.0000,1,0.754800,1,0.649400,1
346,2020-06-08,sh.600385,12.9453385600,13.6178236800,12.8822930800,13.4076720800,13.0293992000,1021294,6475394.0000,1,0.715300,1,2.903200,1
347,2020-06-09,sh.600385,13.3236114400,13.9750814000,13.3025962800,13.8910207600,13.4076720800,1637825,10714079.0000,1,1.147100,1,3.605000,1
348,2020-06-10,sh.600385,13.8069601200,14.0801572000,13.5547782000,13.7018843200,13.8910207600,1235600,8089146.0000,1,0.865400,1,-1.361600,1
349,2020-06-11,sh.600385,13.4707175600,14.0591420400,13.2815811200,13.8069601200,13.7018843200,1069800,6968850.0000,1,0.749300,1,0.766900,1
350,2020-06-12,sh.600385,13.5547782000,13.7228994800,13.4076720800,13.6598540000,13.8069601200,656900,4268388.0000,1,0.460100,1,-1.065500,1
351,2020-06-15,sh.600385,14.3113239600,14.3113239600,13.3656417600,13.4497024000,13.6598540000,1085004,7157937.0000,1,0.759900,1,-1.538500,1
352,2020-06-16,sh.600385,13.3446266000,13.6178236800,13.3025962800,13.3656417600,13.4497024000,687800,4387362.0000,1,0.481700,1,-0.625000,1
353,2020-06-17,sh.600385,13.3236114400,13.4917327200,13.0293992000,13.1554901600,13.3656417600,545200,3419520.0000,1,0.381900,1,-1.572300,1
354,2020-06-18,sh.600385,13.2185356400,13.3236114400,13.0714295200,13.2815811200,13.1554901600,632983,3972182.0000,1,0.443300,1,0.958500,1
355,2020-06-19,sh.600385,13.1975204800,13.5337630400,13.1554901600,13.3656417600,13.2815811200,580900,3694397.0000,1,0.406900,1,0.632900,1
356,2020-06-22,sh.600385,13.4076720800,13.5547782000,13.2815811200,13.4286872400,13.3656417600,489300,3123763.0000,1,0.342700,1,0.471700,1
357,2020-06-23,sh.600385,13.3656417600,13.5547782000,13.3025962800,13.4497024000,13.4286872400,412253,2640711.0000,1,0.288700,1,0.156500,1
358,2020-06-24,sh.600385,13.4286872400,14.1221875200,13.3446266000,14.1221875200,13.4497024000,2392477,15988025.0000,1,1.675700,1,5.000000,1
359,2020-06-29,sh.600385,14.1852330000,14.1852330000,13.4497024000,13.4497024000,14.1221875200,2149813,14096039.0000,1,1.505700,1,-4.761900,1
360,2020-06-30,sh.600385,13.2815811200,13.5127478800,13.0504143600,13.1554901600,13.4497024000,1227604,7688981.0000,1,0.859800,1,-2.187500,1
361,2020-07-01,sh.600385,13.0293992000,13.0714295200,12.7141718000,13.0083840400,13.1554901600,1356801,8318994.0000,1,0.950300,1,-1.118200,1
362,2020-07-02,sh.600385,12.9873688800,13.0714295200,12.7982324400,13.0293992000,13.0083840400,603904,3733770.0000,1,0.423000,1,0.161500,1
363,2020-07-03,sh.600385,13.0504143600,13.0714295200,12.8822930800,12.9873688800,13.0293992000,599810,3695151.0000,1,0.420100,1,-0.322600,1
364,2020-07-06,sh.600385,13.0083840400,13.6178236800,12.9453385600,13.4076720800,12.9873688800,1132848,7105491.0000,1,0.793500,1,3.236300,1
365,2020-07-07,sh.600385,13.5127478800,13.7649298000,13.1975204800,13.5337630400,13.4076720800,1135242,7268528.0000,1,0.795100,1,0.940400,1
366,2020-07-08,sh.600385,13.5337630400,13.7649298000,13.3446266000,13.5547782000,13.5337630400,1101213,7069163.0000,1,0.771300,1,0.155300,1
367,2020-07-09,sh.600385,13.5968085200,13.8700056000,13.4707175600,13.7018843200,13.5547782000,1263654,8212673.0000,1,0.885100,1,1.085300,1
368,2020-07-10,sh.600385,13.7228994800,13.8279752800,13.5337630400,13.6388388400,13.7018843200,1043408,6794550.0000,1,0.730800,1,-0.460100,1
369,2020-07-13,sh.600385,13.6808691600,14.2062481600,13.5337630400,14.0171117200,13.6388388400,1561997,10222509.0000,1,1.094000,1,2.773500,1
370,2020-07-14,sh.600385,13.8910207600,14.0591420400,13.6598540000,13.8069601200,14.0171117200,896365,5905880.0000,1,0.627800,1,-1.499200,1
371,2020-07-15,sh.600385,13.7649298000,13.7649298000,13.4917327200,13.5547782000,13.8069601200,801103,5197471.0000,1,0.561100,1,-1.826500,1
372,2020-07-16,sh.600385,13.6598540000,13.9960965600,13.4917327200,13.6178236800,13.5547782000,1323694,8666034.0000,1,0.927100,1,0.465100,1
373,2020-07-17,sh.600385,13.5757933600,13.8279752800,13.5757933600,13.8069601200,13.6178236800,777000,5065969.0000,1,0.544200,1,1.388900,1
374,2020-07-20,sh.600385,13.8279752800,13.8910207600,13.5547782000,13.8910207600,13.8069601200,692708,4537062.0000,1,0.485200,1,0.608800,1
375,2020-07-21,sh.600385,13.9120359200,13.9120359200,13.7228994800,13.7649298000,13.8910207600,426300,2796805.7500,1,0.298600,1,-0.907700,1
376,2020-07-22,sh.600385,13.7228994800,13.8279752800,13.6178236800,13.7228994800,13.7649298000,822701,5380945.5100,1,0.576200,1,-0.305300,1
377,2020-07-23,sh.600385,13.7228994800,13.8069601200,13.5337630400,13.6388388400,13.7228994800,487325,3163802.2500,1,0.341300,1,-0.612600,1
378,2020-07-24,sh.600385,13.5968085200,13.6598540000,12.9873688800,13.1344750000,13.6388388400,596600,3782316.0000,1,0.417900,1,-3.698000,1
379,2020-07-27,sh.600385,12.9663537200,13.3446266000,12.9243234000,13.3446266000,13.1344750000,646823,4049725.9500,1,0.453000,1,1.600000,1
380,2020-07-28,sh.600385,13.2395508000,13.5127478800,13.1554901600,13.3446266000,13.3446266000,603837,3832256.8400,1,0.422900,1,0.000000,1
381,2020-07-29,sh.600385,13.3236114400,13.3656417600,13.1554901600,13.3025962800,13.3446266000,545825,3446571.7500,1,0.382300,1,-0.315000,1
382,2020-07-30,sh.600385,13.3236114400,13.6178236800,13.2395508000,13.3446266000,13.3025962800,578252,3692050.1600,1,0.405000,1,0.316000,1
383,2020-07-31,sh.600385,13.3656417600,13.4917327200,13.3236114400,13.4497024000,13.3446266000,440684,2809088.2400,1,0.308700,1,0.787400,1
384,2020-08-03,sh.600385,13.3446266000,13.8069601200,13.3446266000,13.7018843200,13.4497024000,685434,4421089.6400,1,0.480100,1,1.875000,1
385,2020-08-04,sh.600385,13.8279752800,13.8279752800,13.4707175600,13.5127478800,13.7018843200,561800,3633264.0000,1,0.393500,1,-1.380400,1
386,2020-08-05,sh.600385,13.5337630400,13.6808691600,13.4497024000,13.6178236800,13.5127478800,887710,5731445.9000,1,0.621800,1,0.777600,1
387,2020-08-06,sh.600385,13.7228994800,13.7228994800,13.5547782000,13.6808691600,13.6178236800,528202,3426536.9700,1,0.370000,1,0.463000,1
388,2020-08-07,sh.600385,13.6598540000,14.2903088000,13.5968085200,13.9960965600,13.6808691600,1686719,11215162.2600,1,1.181400,1,2.304100,1
389,2020-08-10,sh.600385,14.0171117200,14.0381268800,13.7439146400,13.8279752800,13.9960965600,696095,4585959.7500,1,0.487600,1,-1.201200,1
390,2020-08-11,sh.600385,13.8489904400,14.0381268800,13.6598540000,13.6808691600,13.8279752800,609303,4017128.5000,1,0.426800,1,-1.063800,1
391,2020-08-12,sh.600385,13.6808691600,13.7859449600,13.3656417600,13.6808691600,13.6808691600,640900,4115797.0000,1,0.448900,1,0.000000,1
392,2020-08-13,sh.600385,13.7018843200,13.8279752800,13.5968085200,13.6388388400,13.6808691600,320200,2082320.7700,1,0.224300,1,-0.307200,1
393,2020-08-14,sh.600385,13.5968085200,13.7649298000,13.5547782000,13.7649298000,13.6388388400,695517,4524145.1600,1,0.487100,1,0.924500,1
394,2020-08-17,sh.600385,13.7649298000,13.8700056000,13.7439146400,13.8279752800,13.7649298000,612958,4029119.3000,1,0.429300,1,0.458000,1
395,2020-08-18,sh.600385,13.8279752800,14.2482784800,13.8279752800,14.1011723600,13.8279752800,725868,4845365.4600,1,0.508400,1,1.975700,1
396,2020-08-19,sh.600385,14.0801572000,14.1432026800,13.7859449600,13.8700056000,14.1011723600,596600,3959870.0000,1,0.417900,1,-1.639300,1
397,2020-08-20,sh.600385,13.7439146400,13.9330510800,13.6388388400,13.6598540000,13.8700056000,504593,3303128.4300,1,0.353400,1,-1.515200,1
398,2020-08-21,sh.600385,13.6178236800,14.2272633200,13.6178236800,13.8489904400,13.6598540000,561303,3706535.7400,1,0.393100,1,1.384600,1
399,2020-08-24,sh.600385,13.6808691600,13.8489904400,13.6178236800,13.8069601200,13.8489904400,705721,4600717.3300,1,0.494300,1,-0.303500,1
400,2020-08-25,sh.600385,13.7859449600,13.7859449600,13.6808691600,13.7018843200,13.8069601200,408814,2670633.5600,1,0.286300,1,-0.761000,1
401,2020-08-26,sh.600385,13.7228994800,13.7859449600,13.5337630400,13.6808691600,13.7018843200,915786,5948024.3800,1,0.641400,1,-0.153400,1
402,2020-08-27,sh.600385,13.6598540000,13.8279752800,13.6598540000,13.8069601200,13.6808691600,591046,3859022.6700,1,0.414000,1,0.921700,1
403,2020-08-28,sh.600385,13.8489904400,13.8489904400,13.7228994800,13.8069601200,13.8069601200,379800,2489987.0000,1,0.266000,1,0.000000,1
404,2020-08-31,sh.600385,13.8279752800,14.0801572000,13.6808691600,13.8069601200,13.8069601200,468340,3090436.7900,1,0.328000,1,0.000000,1
405,2020-09-01,sh.600385,13.8279752800,14.0171117200,13.7649298000,13.9540662400,13.8069601200,534018,3520962.7100,1,0.374000,1,1.065400,1
406,2020-09-02,sh.600385,14.0171117200,14.0171117200,13.7649298000,13.7859449600,13.9540662400,781718,5132149.8500,1,0.547500,1,-1.204800,1
407,2020-09-03,sh.600385,13.8279752800,13.8279752800,13.6598540000,13.7228994800,13.7859449600,491100,3208204.1400,1,0.344000,1,-0.457300,1
408,2020-09-04,sh.600385,13.6388388400,13.7859449600,13.2605659600,13.6388388400,13.7228994800,596200,3857847.0000,1,0.417600,1,-0.612600,1
409,2020-09-07,sh.600385,13.5547782000,13.7018843200,13.5337630400,13.5547782000,13.6388388400,360565,2332922.5500,1,0.252500,1,-0.616300,1
410,2020-09-08,sh.600385,13.5547782000,13.6598540000,13.4707175600,13.6178236800,13.5547782000,415300,2679303.0000,1,0.290900,1,0.465100,1
411,2020-09-09,sh.600385,13.6178236800,14.0381268800,13.4917327200,13.6808691600,13.6178236800,1042844,6850114.4800,1,0.730400,1,0.463000,1
412,2020-09-10,sh.600385,13.8279752800,13.9330510800,13.5968085200,13.6178236800,13.6808691600,552337,3591523.2200,1,0.386900,1,-0.460800,1
413,2020-09-11,sh.600385,13.6388388400,13.7649298000,13.3656417600,13.7018843200,13.6178236800,507621,3285637.5600,1,0.355500,1,0.617300,1
414,2020-09-14,sh.600385,13.6598540000,13.7859449600,13.5337630400,13.7018843200,13.7018843200,492900,3192699.0000,1,0.345200,1,0.000000,1
415,2020-09-15,sh.600385,13.6808691600,13.7228994800,13.5968085200,13.6808691600,13.7018843200,246900,1603360.0000,1,0.172900,1,-0.153400,1
416,2020-09-16,sh.600385,13.7228994800,13.7649298000,13.6178236800,13.7228994800,13.6808691600,285789,1862151.5000,1,0.200200,1,0.307200,1
417,2020-09-17,sh.600385,13.7859449600,13.8069601200,13.7018843200,13.7649298000,13.7228994800,245542,1607780.2600,1,0.172000,1,0.306300,1
418,2020-09-18,sh.600385,13.7649298000,13.8910207600,13.6598540000,13.7859449600,13.7649298000,447900,2942689.0000,1,0.313700,1,0.152700,1
419,2020-09-21,sh.600385,13.7228994800,14.1852330000,13.7018843200,14.1642178400,13.7859449600,581200,3863488.7800,1,0.407100,1,2.743900,1
420,2020-09-22,sh.600385,14.0381268800,14.7736574800,13.8910207600,14.5214755600,14.1642178400,1594694,10911423.8200,1,1.116900,1,2.522300,1
421,2020-09-23,sh.600385,14.4584300800,14.4584300800,13.8069601200,13.8700056000,14.5214755600,678334,4550951.7600,1,0.475100,1,-4.486300,1
422,2020-09-24,sh.600385,13.8700056000,13.9750814000,13.6598540000,13.7859449600,13.8700056000,776834,5079854.0000,1,0.544100,1,-0.606100,1
423,2020-09-25,sh.600385,13.7859449600,13.7859449600,13.2605659600,13.6598540000,13.7859449600,444100,2872464.0000,1,0.311100,1,-0.914600,1
424,2020-09-28,sh.600385,13.5127478800,13.8279752800,13.5127478800,13.6808691600,13.6598540000,263000,1712705.0000,1,0.184200,1,0.153800,1
425,2020-09-29,sh.600385,13.5757933600,13.9330510800,13.4707175600,13.8279752800,13.6808691600,603921,3952330.6000,1,0.423000,1,1.075300,1
426,2020-09-30,sh.600385,13.8069601200,13.9540662400,13.7228994800,13.7439146400,13.8279752800,363029,2394114.6600,1,0.254300,1,-0.607900,1
427,2020-10-09,sh.600385,13.7859449600,13.9120359200,13.7228994800,13.8069601200,13.7439146400,383800,2517073.0000,1,0.268800,1,0.458700,1
428,2020-10-12,sh.600385,13.7228994800,13.8700056000,13.6388388400,13.8069601200,13.8069601200,917900,5997494.0000,1,0.642900,1,0.000000,1
429,2020-10-13,sh.600385,13.8489904400,13.8489904400,13.6598540000,13.7018843200,13.8069601200,302801,1974087.5200,1,0.212100,1,-0.761000,1
430,2020-10-14,sh.600385,13.6178236800,13.6808691600,13.5337630400,13.5547782000,13.7018843200,428000,2767376.0000,1,0.299800,1,-1.073600,1
431,2020-10-15,sh.600385,13.6598540000,13.6598540000,13.5127478800,13.5757933600,13.5547782000,224500,1447879.0000,1,0.157200,1,0.155000,1
432,2020-10-16,sh.600385,13.5547782000,13.6598540000,13.5337630400,13.6598540000,13.5757933600,306900,1989590.0000,1,0.215000,1,0.619200,1
433,2020-10-19,sh.600385,13.6598540000,13.7018843200,13.5547782000,13.5757933600,13.6598540000,156700,1014090.0000,1,0.109800,1,-0.615400,1
434,2020-10-20,sh.600385,13.5127478800,13.6178236800,13.4917327200,13.5757933600,13.5757933600,221701,1432155.4300,1,0.155300,1,0.000000,1
435,2020-10-21,sh.600385,13.5547782000,13.6178236800,13.4707175600,13.5968085200,13.5757933600,266700,1719503.0000,1,0.186800,1,0.154800,1
436,2020-10-22,sh.600385,13.5968085200,13.5968085200,13.4286872400,13.5127478800,13.5968085200,211300,1353805.0000,1,0.148000,1,-0.618200,1
437,2020-10-23,sh.600385,13.4497024000,13.5127478800,13.4286872400,13.4286872400,13.5127478800,96195,615873.0500,1,0.067400,1,-0.622100,1
438,2020-10-26,sh.600385,13.3866569200,13.5547782000,13.3446266000,13.5337630400,13.4286872400,242300,1552265.0000,1,0.169700,1,0.782500,1
439,2020-10-27,sh.600385,13.4497024000,13.5757933600,13.4497024000,13.5547782000,13.5337630400,98200,631741.0000,1,0.068800,1,0.155300,1
440,2020-10-28,sh.600385,13.5547782000,13.5968085200,13.3446266000,13.5757933600,13.5547782000,317501,2030512.3600,1,0.222400,1,0.155000,1
441,2020-10-29,sh.600385,13.4497024000,13.5127478800,13.3236114400,13.3866569200,13.5757933600,273533,1740936.4600,1,0.191600,1,-1.393200,1
442,2020-10-30,sh.600385,13.4286872400,13.4286872400,12.8402627600,13.0924446800,13.3866569200,303800,1913565.0000,1,0.212800,1,-2.197800,1
443,2020-11-02,sh.600385,12.9873688800,13.1765053200,12.4409747200,12.5250353600,13.0924446800,328900,1994186.0000,1,0.230400,1,-4.333900,1
444,2020-11-03,sh.600385,12.5250353600,12.7982324400,12.5250353600,12.7772172800,12.5250353600,174710,1052831.3000,1,0.122400,1,2.013400,1
445,2020-11-04,sh.600385,12.8402627600,12.9663537200,12.7772172800,12.8612779200,12.7772172800,103300,631001.0000,1,0.072400,1,0.657900,1
446,2020-11-05,sh.600385,12.8612779200,12.9873688800,12.7141718000,12.9663537200,12.8612779200,132600,815341.0000,1,0.092900,1,0.817000,1
447,2020-11-06,sh.600385,13.0083840400,13.0083840400,12.7772172800,12.8612779200,12.9663537200,203000,1241008.0000,1,0.142200,1,-0.810400,1
448,2020-11-09,sh.600385,12.8612779200,13.1554901600,12.8402627600,13.0293992000,12.8612779200,162100,1003671.0000,1,0.113500,1,1.307200,1
449,2020-11-10,sh.600385,13.0083840400,13.1344750000,12.9033082400,13.0083840400,13.0293992000,186500,1149434.0000,1,0.130600,1,-0.161300,1
450,2020-11-11,sh.600385,13.0083840400,13.0293992000,12.8822930800,12.9033082400,13.0083840400,140509,865267.9700,1,0.098400,1,-0.807800,1
451,2020-11-12,sh.600385,12.8822930800,13.1554901600,12.8822930800,13.0293992000,12.9033082400,291900,1812065.0000,1,0.204400,1,0.977200,1
452,2020-11-13,sh.600385,13.0293992000,13.3446266000,12.9453385600,13.2185356400,13.0293992000,328410,2061482.6000,1,0.230000,1,1.451600,1
453,2020-11-16,sh.600385,13.2185356400,13.2605659600,13.1344750000,13.1554901600,13.2185356400,144575,906451.4100,1,0.101300,1,-0.476900,1
454,2020-11-17,sh.600385,13.2185356400,13.2815811200,13.1134598400,13.1765053200,13.1554901600,142800,894819.0000,1,0.100000,1,0.159700,1
455,2020-11-18,sh.600385,13.1344750000,13.2395508000,13.0293992000,13.1765053200,13.1765053200,209100,1306265.0000,1,0.146500,1,0.000000,1
456,2020-11-19,sh.600385,13.1765053200,13.2185356400,13.0504143600,13.1134598400,13.1765053200,120000,750373.0000,1,0.084000,1,-0.478500,1
457,2020-11-20,sh.600385,13.1344750000,13.2395508000,12.9873688800,13.0293992000,13.1134598400,197900,1228859.0000,1,0.138600,1,-0.641000,1
458,2020-11-23,sh.600385,13.0293992000,13.1765053200,12.9663537200,13.1554901600,13.0293992000,294492,1835522.3300,1,0.206300,1,0.967700,1
459,2020-11-24,sh.600385,13.1554901600,13.1765053200,13.0293992000,13.1134598400,13.1554901600,189102,1179949.4700,1,0.132400,1,-0.319500,1
460,2020-11-25,sh.600385,13.1134598400,13.2185356400,13.0924446800,13.1765053200,13.1134598400,248701,1555158.0000,1,0.174200,1,0.480800,1
461,2020-11-26,sh.600385,13.1765053200,13.1765053200,13.0293992000,13.0504143600,13.1765053200,101925,633326.0000,1,0.071400,1,-0.956900,1
462,2020-11-27,sh.600385,13.0714295200,13.0924446800,12.9243234000,12.9453385600,13.0504143600,195900,1210227.0000,1,0.137200,1,-0.805200,1
463,2020-11-30,sh.600385,12.9663537200,13.0083840400,12.8402627600,12.9033082400,12.9453385600,248600,1524617.0000,1,0.174100,1,-0.324700,1
464,2020-12-01,sh.600385,12.8822930800,12.9453385600,12.7351869600,12.8822930800,12.9033082400,117403,717132.3300,1,0.082200,1,-0.162900,1
465,2020-12-02,sh.600385,12.8192476000,12.9243234000,12.7982324400,12.8822930800,12.8822930800,99900,611130.0000,1,0.070000,1,0.000000,1
466,2020-12-03,sh.600385,12.8612779200,12.9873688800,12.7982324400,12.8822930800,12.8822930800,89801,551637.1300,1,0.062900,1,0.000000,1
467,2020-12-04,sh.600385,12.8192476000,12.9453385600,12.7772172800,12.8192476000,12.8822930800,134900,824273.0000,1,0.094500,1,-0.489400,1
468,2020-12-07,sh.600385,12.8192476000,12.9243234000,12.5460505200,12.5460505200,12.8192476000,609800,3680624.0000,1,0.427100,1,-2.131100,1
469,2020-12-08,sh.600385,12.2728534400,12.4830050400,11.9155957200,12.1887928000,12.5460505200,1185808,6822836.3500,1,0.830600,1,-2.847600,1
470,2020-12-09,sh.600385,12.0627018400,12.2938686000,12.0416866800,12.0416866800,12.1887928000,484213,2803475.6600,1,0.339100,1,-1.206900,1
471,2020-12-10,sh.600385,12.0416866800,12.1257473200,11.8525502400,12.1047321600,12.0416866800,243425,1390759.7400,1,0.170500,1,0.523600,1
472,2020-12-11,sh.600385,12.1047321600,12.2308231200,11.9786412000,12.0206715200,12.1047321600,415613,2384703.2200,1,0.291100,1,-0.694400,1
473,2020-12-14,sh.600385,11.8945805600,12.0837170000,11.7895047600,11.9576260400,12.0206715200,238300,1353230.0000,1,0.166900,1,-0.524500,1
474,2020-12-15,sh.600385,11.7895047600,11.8945805600,11.6003683200,11.6213834800,11.9576260400,581600,3248537.4800,1,0.407400,1,-2.812000,1
475,2020-12-16,sh.600385,11.5583380000,11.5583380000,11.0329590000,11.0960044800,11.6213834800,1158101,6141798.2500,1,0.811100,1,-4.520800,1
476,2020-12-17,sh.600385,11.0960044800,11.2220954400,10.7387467600,11.0749893200,11.0960044800,497507,2580431.9100,1,0.348500,1,-0.189400,1
477,2020-12-18,sh.600385,10.9699135200,11.2010802800,10.9278832000,11.1380348000,11.0749893200,257217,1361176.7600,1,0.180200,1,0.569300,1
478,2020-12-21,sh.600385,11.2641257600,11.2641257600,10.8017922400,11.0749893200,11.1380348000,288584,1524042.8400,1,0.202100,1,-0.566000,1
479,2020-12-22,sh.600385,11.0960044800,11.1170196400,10.7387467600,10.9068680400,11.0749893200,382200,1992962.6200,1,0.267700,1,-1.518000,1
480,2020-12-23,sh.600385,10.6546861200,10.9278832000,10.6546861200,10.7177316000,10.9068680400,344600,1767187.0000,1,0.241400,1,-1.734100,1
481,2020-12-24,sh.600385,10.7177316000,10.8648377200,10.4025042000,10.5075800000,10.7177316000,279706,1409884.7600,1,0.195900,1,-1.960800,1
482,2020-12-25,sh.600385,10.6336709600,11.0329590000,10.5285951600,11.0329590000,10.5075800000,348490,1817860.5000,1,0.244100,1,5.000000,1
483,2020-12-28,sh.600385,11.4742773600,11.4742773600,11.0539741600,11.0960044800,11.0329590000,514400,2760450.0000,1,0.360300,1,0.571400,1
484,2020-12-29,sh.600385,10.9488983600,11.3481864000,10.9488983600,11.0539741600,11.0960044800,417300,2198495.0000,1,0.292300,1,-0.378800,1
485,2020-12-30,sh.600385,11.1170196400,11.3061560800,10.8438225600,11.0749893200,11.0539741600,214802,1131269.4800,1,0.150400,1,0.190100,1
486,2020-12-31,sh.600385,11.1800651200,11.2010802800,11.0539741600,11.1380348000,11.0749893200,165510,876540.0000,1,0.115900,1,0.569300,1
487,2021-01-04,sh.600385,11.2641257600,11.3271712400,11.0329590000,11.1800651200,11.1380348000,345300,1835233.9100,1,0.241900,1,0.377400,1
488,2021-01-05,sh.600385,10.8648377200,11.1800651200,10.8648377200,11.0749893200,11.1800651200,296882,1560963.6800,1,0.207900,1,-0.939800,1
489,2021-01-06,sh.600385,11.0119438400,11.0749893200,10.5285951600,10.5285951600,11.0749893200,816401,4109378.0100,1,0.571800,1,-4.933600,1
490,2021-01-07,sh.600385,10.5496103200,10.5916406400,10.0032161600,10.0452464800,10.5285951600,897300,4294348.0000,1,0.628500,1,-4.590800,1
491,2021-01-08,sh.600385,9.6459584400,10.0032161600,9.5829129600,9.8561100400,10.0452464800,290608,1345784.8000,1,0.203500,1,-1.882800,1
492,2021-01-11,sh.600385,9.6249432800,9.8350948800,9.4147916800,9.4778371600,9.8561100400,293400,1346135.0000,1,0.205500,1,-3.838000,1
493,2021-01-12,sh.600385,9.1415946000,9.6879887600,9.1415946000,9.5198674800,9.4778371600,222725,1007758.2500,1,0.156000,1,0.443500,1
494,2021-01-13,sh.600385,9.6249432800,9.6669736000,9.4568220000,9.5618978000,9.5198674800,370400,1680639.0000,1,0.259400,1,0.441500,1
495,2021-01-14,sh.600385,9.5618978000,9.5829129600,9.2676855600,9.5618978000,9.5618978000,264900,1186788.0000,1,0.185500,1,0.000000,1
496,2021-01-15,sh.600385,9.5408826400,9.8771252000,9.4988523200,9.7090039200,9.5618978000,424000,1950472.0000,1,0.297000,1,1.538500,1
497,2021-01-18,sh.600385,9.7510342400,10.0662616400,9.6249432800,9.8981403600,9.7090039200,240400,1128198.0000,1,0.168400,1,1.948100,1
498,2021-01-19,sh.600385,10.0242313200,10.0242313200,9.6879887600,9.7510342400,9.8981403600,339801,1583199.6300,1,0.238000,1,-1.486200,1
499,2021-01-20,sh.600385,9.6249432800,9.8350948800,9.6249432800,9.7930645600,9.7510342400,268700,1245718.0000,1,0.188200,1,0.431000,1
500,2021-01-21,sh.600385,9.7510342400,9.9611858400,9.6249432800,9.8771252000,9.7930645600,329801,1539744.6700,1,0.231000,1,0.858400,1
501,2021-01-22,sh.600385,9.8771252000,9.9401706800,9.7510342400,9.8350948800,9.8771252000,228168,1070281.9200,1,0.159800,1,-0.425500,1
502,2021-01-25,sh.600385,9.7930645600,9.7930645600,9.3727613600,9.6249432800,9.8350948800,500468,2282684.9600,1,0.350500,1,-2.136800,1
503,2021-01-26,sh.600385,9.6039281200,9.6039281200,9.1626097600,9.3727613600,9.6249432800,157100,705456.0000,1,0.110000,1,-2.620100,1
504,2021-01-27,sh.600385,9.2466704000,9.6039281200,9.2046400800,9.3307310400,9.3727613600,183300,816635.0000,1,0.128400,1,-0.448400,1
505,2021-01-28,sh.600385,9.0155036400,9.1205794400,8.8683975200,8.8683975200,9.3307310400,666201,2835993.2200,1,0.466600,1,-4.955000,1
506,2021-01-29,sh.600385,8.7843368800,8.8683975200,8.4270791600,8.4270791600,8.8683975200,824100,3340409.0000,1,0.577200,1,-4.976300,1
507,2021-02-01,sh.600385,8.3009882000,8.8473823600,8.1538820800,8.4270791600,8.4270791600,597500,2382706.0000,1,0.418500,1,0.000000,1
508,2021-02-02,sh.600385,8.2589578800,8.5111398000,8.0067759600,8.4901246400,8.4270791600,427810,1690704.6000,1,0.299600,1,0.748100,1
509,2021-02-03,sh.600385,8.4691094800,8.5741852800,8.2379427200,8.5321549600,8.4901246400,408400,1644968.0000,1,0.286000,1,0.495000,1
510,2021-02-04,sh.600385,8.3220033600,8.5321549600,8.3009882000,8.3640336800,8.5321549600,423800,1691736.0000,1,0.296800,1,-1.970400,1
511,2021-02-05,sh.600385,8.3430185200,8.4691094800,8.2379427200,8.3430185200,8.3640336800,210600,840352.0000,1,0.147500,1,-0.251300,1
512,2021-02-08,sh.600385,8.3009882000,8.5531701200,8.1959124000,8.4270791600,8.3430185200,208600,834905.9800,1,0.146100,1,1.007600,1
513,2021-02-09,sh.600385,8.4270791600,8.5741852800,8.3430185200,8.3640336800,8.4270791600,348000,1394908.0000,1,0.243700,1,-0.748100,1
514,2021-02-10,sh.600385,8.3220033600,8.6372307600,8.3220033600,8.4901246400,8.3640336800,309751,1248190.0000,1,0.217000,1,1.507500,1
515,2021-02-18,sh.600385,8.8683975200,8.9104278400,8.8473823600,8.9104278400,8.4901246400,357900,1516192.0000,1,0.250700,1,4.950500,1
516,2021-02-19,sh.600385,8.9314430000,9.3517462000,8.8683975200,9.3517462000,8.9104278400,931328,4106246.2000,1,0.652300,1,4.952800,1
517,2021-02-22,sh.600385,9.5408826400,9.6879887600,8.9104278400,9.6039281200,9.3517462000,1270110,5689436.6000,1,0.889600,1,2.696600,1
518,2021-02-23,sh.600385,9.4988523200,9.5829129600,9.3517462000,9.4147916800,9.6039281200,552727,2483774.5000,1,0.387100,1,-1.969400,1
519,2021-02-24,sh.600385,9.4568220000,9.6669736000,9.0365188000,9.2676855600,9.4147916800,542927,2413757.6100,1,0.380300,1,-1.562500,1
520,2021-02-25,sh.600385,9.2466704000,9.5829129600,9.2046400800,9.3937765200,9.2676855600,573700,2549682.0000,1,0.401800,1,1.360500,1
521,2021-02-26,sh.600385,9.3517462000,9.5408826400,9.2256552400,9.4568220000,9.3937765200,672821,2986413.2000,1,0.471200,1,0.671100,1
522,2021-03-01,sh.600385,9.5408826400,9.8140797200,9.4568220000,9.6669736000,9.4568220000,678200,3120702.5000,1,0.475000,1,2.222200,1
523,2021-03-02,sh.600385,9.6669736000,10.0452464800,9.6039281200,9.6879887600,9.6669736000,870500,4064309.0000,1,0.609700,1,0.217400,1
524,2021-03-03,sh.600385,9.7300190800,9.8350948800,9.5829129600,9.7930645600,9.6879887600,538183,2479828.1600,1,0.376900,1,1.084600,1
525,2021-03-04,sh.600385,9.7930645600,10.2764132400,9.7090039200,10.0032161600,9.7930645600,1440398,6947985.6500,1,1.008900,1,2.145900,1
526,2021-03-05,sh.600385,9.9401706800,10.5075800000,9.7300190800,10.5075800000,10.0032161600,1842200,8988291.0000,1,1.290300,1,5.042000,1
527,2021-03-08,sh.600385,10.8017922400,10.9278832000,10.1293071200,10.1293071200,10.5075800000,1339000,6686994.0000,1,0.937800,1,-3.600000,1
528,2021-03-09,sh.600385,10.0452464800,10.0452464800,9.6249432800,9.7300190800,10.1293071200,1083511,5020017.7600,1,0.758900,1,-3.941900,1
529,2021-03-10,sh.600385,9.7510342400,9.7510342400,9.3307310400,9.4568220000,9.7300190800,468700,2122073.0000,1,0.328300,1,-2.807800,1
530,2021-03-11,sh.600385,9.5408826400,9.7510342400,9.3307310400,9.6879887600,9.4568220000,353200,1612968.0000,1,0.247400,1,2.444400,1
531,2021-03-12,sh.600385,9.8140797200,9.8140797200,9.6039281200,9.7510342400,9.6879887600,285600,1314364.0000,1,0.200000,1,0.650800,1
532,2021-03-15,sh.600385,9.6879887600,9.8140797200,9.6459584400,9.7090039200,9.7510342400,210226,968432.3400,1,0.147200,1,-0.431000,1
533,2021-03-16,sh.600385,9.7510342400,9.9191555200,9.6039281200,9.8561100400,9.7090039200,573600,2671768.0000,1,0.401800,1,1.515200,1
534,2021-03-17,sh.600385,9.8140797200,10.0242313200,9.7930645600,9.9822010000,9.8561100400,329900,1560289.0000,1,0.231100,1,1.279300,1
535,2021-03-18,sh.600385,9.9611858400,10.4025042000,9.9611858400,10.2343829200,9.9822010000,597100,2884130.0000,1,0.418200,1,2.526300,1
536,2021-03-19,sh.600385,10.1293071200,10.2343829200,10.0452464800,10.1293071200,10.2343829200,377550,1819252.0000,1,0.264400,1,-1.026700,1
537,2021-03-22,sh.600385,10.1293071200,10.4655496800,10.0032161600,10.4655496800,10.1293071200,394950,1927877.0000,1,0.276600,1,3.319500,1
538,2021-03-23,sh.600385,10.2764132400,10.9909286800,10.2764132400,10.9909286800,10.4655496800,1596029,8258716.4500,1,1.117900,1,5.020100,1
539,2021-03-24,sh.600385,10.9909286800,11.5373228400,10.8017922400,11.5373228400,10.9909286800,1487961,8032409.1700,1,1.042200,1,4.971300,1
540,2021-03-25,sh.600385,11.5373228400,11.6423986400,10.9909286800,11.2010802800,11.5373228400,1144800,6141127.0000,1,0.801800,1,-2.914400,1
541,2021-03-26,sh.600385,11.2220954400,11.5583380000,10.9278832000,11.1170196400,11.2010802800,847927,4511623.9100,1,0.593900,1,-0.750500,1
542,2021-03-29,sh.600385,11.1170196400,11.1170196400,10.7387467600,10.8438225600,11.1170196400,531560,2774109.0000,1,0.372300,1,-2.457500,1
543,2021-03-30,sh.600385,10.8438225600,11.3481864000,10.8017922400,11.1800651200,10.8438225600,438301,2325826.2400,1,0.307000,1,3.100800,1
544,2021-03-31,sh.600385,11.2010802800,11.3481864000,10.9909286800,11.2220954400,11.1800651200,346100,1832951.0000,1,0.242400,1,0.375900,1
545,2021-04-01,sh.600385,11.2220954400,11.2220954400,10.9488983600,11.0749893200,11.2220954400,351200,1839558.0000,1,0.246000,1,-1.310900,1
546,2021-04-02,sh.600385,10.9699135200,11.2851409200,10.9699135200,11.1380348000,11.0749893200,430200,2286823.0000,1,0.301300,1,0.569300,1
547,2021-04-06,sh.600385,10.9909286800,11.1590499600,10.6546861200,10.9278832000,11.1380348000,422001,2214640.2300,1,0.295600,1,-1.886800,1
548,2021-04-07,sh.600385,11.0329590000,11.3271712400,10.7177316000,11.3271712400,10.9278832000,661900,3487870.0000,1,0.463600,1,3.653800,1
549,2021-04-08,sh.600385,11.0749893200,11.3692015600,10.9278832000,11.1380348000,11.3271712400,325900,1740873.0000,1,0.228300,1,-1.669800,1
550,2021-04-09,sh.600385,11.2851409200,11.2851409200,11.0119438400,11.1800651200,11.1380348000,181500,961129.0000,1,0.127100,1,0.377400,1
551,2021-04-12,sh.600385,11.1590499600,11.1590499600,10.7177316000,10.8438225600,11.1800651200,525000,2713362.0000,1,0.367700,1,-3.007500,1
552,2021-04-13,sh.600385,10.8228074000,10.9068680400,10.6126558000,10.6126558000,10.8438225600,324701,1658428.1500,1,0.227400,1,-2.131800,1
553,2021-04-14,sh.600385,10.5706254800,10.6336709600,10.5075800000,10.5706254800,10.6126558000,201900,1015846.0000,1,0.141400,1,-0.396000,1
554,2021-04-15,sh.600385,10.7177316000,10.8648377200,10.6126558000,10.8228074000,10.5706254800,593300,3037648.0000,1,0.415600,1,2.385700,1
555,2021-04-16,sh.600385,10.8438225600,11.2431106000,10.8438225600,11.1800651200,10.8228074000,684300,3627030.0000,1,0.479300,1,3.301000,1
556,2021-04-19,sh.600385,11.2431106000,11.2641257600,11.0329590000,11.2010802800,11.1800651200,246501,1309373.2500,1,0.172700,1,0.188000,1
557,2021-04-20,sh.600385,10.9699135200,11.4112318800,10.9699135200,11.2431106000,11.2010802800,438200,2350868.9600,1,0.306900,1,0.375200,1
558,2021-04-21,sh.600385,11.2431106000,11.3481864000,11.1380348000,11.1590499600,11.2431106000,284100,1518062.0000,1,0.199000,1,-0.747700,1
559,2021-04-22,sh.600385,11.1590499600,11.2431106000,10.9278832000,10.9909286800,11.1590499600,686800,3600036.0000,1,0.481000,1,-1.506600,1
560,2021-04-23,sh.600385,11.0119438400,11.0119438400,10.5285951600,10.6757012800,10.9909286800,359200,1830836.0000,1,0.251600,1,-2.868100,1
561,2021-04-26,sh.600385,10.6757012800,10.6757012800,10.6757012800,10.6757012800,10.6757012800,0,0.0000,1,,0,0.000000,1
562,2021-04-27,sh.600385,10.1923526000,10.4655496800,10.1503222800,10.2553980800,10.6757012800,1310633,6379325.4100,1,0.918000,1,-3.937000,1
563,2021-04-28,sh.600385,10.1082919600,10.2764132400,10.0872768000,10.1082919600,10.2553980800,832438,4036555.6400,1,0.583000,1,-1.434400,1
